x-axis,1
second,Volt
-4.060006393562e-002,3.43016e-003
-3.960006393562e-002,-1.26503e-002
-3.860006393562e-002,-4.61006e-003
-3.760006393562e-002,-1.26503e-002
-3.660006393562e-002,3.43016e-003
-3.560006393562e-002,1.14703e-002
-3.460006393562e-002,3.43016e-003
-3.360006393562e-002,-4.61006e-003
-3.260006393562e-002,-4.61006e-003
-3.160006393562e-002,-4.61006e-003
-3.060006393562e-002,-4.61006e-003
-2.960006393562e-002,3.43016e-003
-2.860006393562e-002,-1.26503e-002
-2.760006393562e-002,-1.26503e-002
-2.660006393562e-002,-4.61006e-003
-2.560006393562e-002,-4.61006e-003
-2.460006393562e-002,-4.61006e-003
-2.360006393562e-002,-4.61006e-003
-2.260006393562e-002,-4.61006e-003
-2.160006393562e-002,-1.26503e-002
-2.060006393562e-002,-1.26503e-002
-1.960006393562e-002,-4.61006e-003
-1.860006393562e-002,3.43016e-003
-1.760006393562e-002,3.43016e-003
-1.660006393562e-002,3.43016e-003
-1.560006393562e-002,-4.61006e-003
-1.460006393562e-002,-4.61006e-003
-1.360006393562e-002,-1.26503e-002
-1.260006393562e-002,3.43016e-003
-1.160006393562e-002,1.14703e-002
-1.060006393562e-002,-1.26503e-002
-9.600063935625e-003,-4.61006e-003
-8.600063935625e-003,3.43016e-003
-7.600063935625e-003,-1.26503e-002
-6.600063935625e-003,-4.61006e-003
-5.600063935625e-003,-1.26503e-002
-4.600063935625e-003,-4.61006e-003
-3.600063935625e-003,3.43016e-003
-2.600063935625e-003,-4.61006e-003
-1.600063935625e-003,-1.26503e-002
-6.000639356250e-004,-4.61006e-003
3.999360643750e-004,3.33078e-001
1.399936064375e-003,-4.48111e-002
2.399936064375e-003,-2.06905e-002
3.399936064375e-003,3.43016e-003
4.399936064375e-003,-1.26503e-002
5.399936064375e-003,3.43016e-003
6.399936064375e-003,1.14703e-002
7.399936064375e-003,1.95105e-002
8.399936064375e-003,-4.61006e-003
9.399936064375e-003,-4.61006e-003
1.039993606438e-002,-4.61006e-003
1.139993606438e-002,3.43016e-003
1.239993606438e-002,3.43016e-003
1.339993606438e-002,-1.26503e-002
1.439993606438e-002,1.95105e-002
1.539993606438e-002,-4.61006e-003
1.639993606438e-002,-4.61006e-003
1.739993606438e-002,-3.67709e-002
1.839993606438e-002,1.95105e-002
1.939993606438e-002,4.53681e-001
2.039993606438e-002,2.12475e-001
2.139993606438e-002,-7.69719e-002
2.239993606438e-002,-2.87307e-002
2.339993606438e-002,1.14703e-002
2.439993606438e-002,-4.61006e-003
2.539993606438e-002,-1.26503e-002
2.639993606438e-002,3.43016e-003
2.739993606438e-002,-1.26503e-002
2.839993606438e-002,-4.61006e-003
2.939993606438e-002,-4.61006e-003
3.039993606438e-002,3.43016e-003
3.139993606438e-002,-1.26503e-002
3.239993606438e-002,-4.61006e-003
3.339993606438e-002,-4.61006e-003
3.439993606438e-002,3.43016e-003
3.539993606438e-002,-1.26503e-002
3.639993606438e-002,-1.26503e-002
3.739993606438e-002,-2.06905e-002
3.839993606438e-002,3.43016e-003
3.939993606438e-002,4.05440e-001
4.039993606438e-002,3.49159e-001
4.139993606438e-002,-3.67709e-002
4.239993606438e-002,-2.87307e-002
4.339993606438e-002,-4.61006e-003
4.439993606438e-002,-4.61006e-003
4.539993606438e-002,3.43016e-003
4.639993606438e-002,-4.61006e-003
4.739993606438e-002,-4.61006e-003
4.839993606438e-002,-4.61006e-003
4.939993606438e-002,-2.06905e-002
5.039993606438e-002,-2.06905e-002
5.139993606438e-002,3.43016e-003
5.239993606438e-002,-1.26503e-002
5.339993606438e-002,-4.61006e-003
5.439993606438e-002,3.43016e-003
5.539993606438e-002,3.43016e-003
5.639993606438e-002,-4.61006e-003
5.739993606438e-002,-2.87307e-002
5.839993606438e-002,2.75508e-002
5.939993606438e-002,4.61722e-001
6.039993606438e-002,1.96395e-001
6.139993606438e-002,-6.89317e-002
6.239993606438e-002,-2.87307e-002
6.339993606438e-002,3.43016e-003
6.439993606438e-002,-1.26503e-002
6.539993606438e-002,-4.61006e-003
6.639993606438e-002,3.43016e-003
6.739993606438e-002,-1.26503e-002
6.839993606438e-002,-1.26503e-002
6.939993606438e-002,-4.61006e-003
7.039993606438e-002,3.43016e-003
7.139993606438e-002,-4.61006e-003
7.239993606438e-002,-2.06905e-002
7.339993606438e-002,3.43016e-003
7.439993606438e-002,3.43016e-003
7.539993606438e-002,1.14703e-002
7.639993606438e-002,3.43016e-003
7.739993606438e-002,-2.87307e-002
7.839993606438e-002,-4.61006e-003
7.939993606438e-002,3.73279e-001
8.039993606438e-002,3.16998e-001
8.139993606438e-002,-3.67709e-002
8.239993606438e-002,-2.06905e-002
8.339993606438e-002,-1.26503e-002
8.439993606438e-002,3.43016e-003
8.539993606438e-002,-4.61006e-003
8.639993606438e-002,1.14703e-002
8.739993606438e-002,-4.61006e-003
8.839993606438e-002,-2.87307e-002
8.939993606438e-002,-1.26503e-002
9.039993606438e-002,-2.87307e-002
9.139993606438e-002,1.14703e-002
9.239993606438e-002,3.43016e-003
9.339993606438e-002,3.43016e-003
9.439993606438e-002,-4.61006e-003
9.539993606438e-002,-4.61006e-003
9.639993606438e-002,-1.26503e-002
9.739993606438e-002,-2.87307e-002
9.839993606438e-002,1.95105e-002
9.939993606438e-002,4.37601e-001
1.003999360644e-001,1.88355e-001
1.013999360644e-001,-6.08914e-002
1.023999360644e-001,-2.06905e-002
1.033999360644e-001,-4.61006e-003
1.043999360644e-001,-4.61006e-003
1.053999360644e-001,-1.26503e-002
1.063999360644e-001,-1.26503e-002
1.073999360644e-001,-4.61006e-003
1.083999360644e-001,3.43016e-003
1.093999360644e-001,1.95105e-002
1.103999360644e-001,3.43016e-003
1.113999360644e-001,-1.26503e-002
1.123999360644e-001,-2.06905e-002
1.133999360644e-001,-1.26503e-002
1.143999360644e-001,-4.61006e-003
1.153999360644e-001,-4.61006e-003
1.163999360644e-001,-2.06905e-002
1.173999360644e-001,-2.06905e-002
1.183999360644e-001,3.43016e-003
1.193999360644e-001,4.05440e-001
1.203999360644e-001,2.76797e-001
1.213999360644e-001,-4.48111e-002
1.223999360644e-001,-2.06905e-002
1.233999360644e-001,-4.61006e-003
1.243999360644e-001,-4.61006e-003
1.253999360644e-001,-4.61006e-003
1.263999360644e-001,3.43016e-003
1.273999360644e-001,-4.61006e-003
1.283999360644e-001,-4.61006e-003
1.293999360644e-001,-2.87307e-002
1.303999360644e-001,-2.06905e-002
1.313999360644e-001,-4.61006e-003
1.323999360644e-001,-1.26503e-002
1.333999360644e-001,-1.26503e-002
1.343999360644e-001,-4.61006e-003
1.353999360644e-001,-4.61006e-003
1.363999360644e-001,3.43016e-003
1.373999360644e-001,-2.87307e-002
1.383999360644e-001,1.95105e-002
1.393999360644e-001,4.29561e-001
1.403999360644e-001,2.20516e-001
1.413999360644e-001,-5.28513e-002
1.423999360644e-001,-2.06905e-002
1.433999360644e-001,3.43016e-003
1.443999360644e-001,-4.61006e-003
1.453999360644e-001,-4.61006e-003
1.463999360644e-001,-2.06905e-002
1.473999360644e-001,-4.61006e-003
1.483999360644e-001,-1.26503e-002
1.493999360644e-001,1.14703e-002
1.503999360644e-001,1.95105e-002
1.513999360644e-001,-4.61006e-003
1.523999360644e-001,3.43016e-003
1.533999360644e-001,3.43016e-003
1.543999360644e-001,3.43016e-003
1.553999360644e-001,3.43016e-003
1.563999360644e-001,-1.26503e-002
1.573999360644e-001,-2.87307e-002
1.583999360644e-001,3.43016e-003
1.593999360644e-001,3.89360e-001
1.603999360644e-001,2.60717e-001
1.613999360644e-001,-3.67709e-002
1.623999360644e-001,-1.26503e-002
1.633999360644e-001,3.43016e-003
1.643999360644e-001,3.43016e-003
1.653999360644e-001,3.43016e-003
1.663999360644e-001,-2.06905e-002
1.673999360644e-001,-4.61006e-003
1.683999360644e-001,-4.61006e-003
1.693999360644e-001,-2.06905e-002
1.703999360644e-001,-2.87307e-002
1.713999360644e-001,-1.26503e-002
1.723999360644e-001,-4.61006e-003
1.733999360644e-001,3.43016e-003
1.743999360644e-001,1.14703e-002
1.753999360644e-001,3.43016e-003
1.763999360644e-001,-2.06905e-002
1.773999360644e-001,-2.87307e-002
1.783999360644e-001,1.95105e-002
1.793999360644e-001,3.97400e-001
1.803999360644e-001,2.36596e-001
1.813999360644e-001,-6.08914e-002
1.823999360644e-001,-3.67709e-002
1.833999360644e-001,-4.61006e-003
1.843999360644e-001,-4.61006e-003
1.853999360644e-001,-4.61006e-003
1.863999360644e-001,-4.61006e-003
1.873999360644e-001,-4.61006e-003
1.883999360644e-001,-1.26503e-002
1.893999360644e-001,1.14703e-002
1.903999360644e-001,1.14703e-002
1.913999360644e-001,-1.26503e-002
1.923999360644e-001,3.43016e-003
1.933999360644e-001,-2.06905e-002
1.943999360644e-001,-4.61006e-003
1.953999360644e-001,-1.26503e-002
1.963999360644e-001,-1.26503e-002
1.973999360644e-001,-3.67709e-002
1.983999360644e-001,-4.61006e-003
1.993999360644e-001,3.65239e-001
2.003999360644e-001,2.68757e-001
2.013999360644e-001,-2.87307e-002
2.023999360644e-001,-2.87307e-002
2.033999360644e-001,-4.61006e-003
2.043999360644e-001,3.43016e-003
2.053999360644e-001,3.43016e-003
2.063999360644e-001,-4.61006e-003
2.073999360644e-001,-4.61006e-003
2.083999360644e-001,-4.61006e-003
2.093999360644e-001,-2.06905e-002
2.103999360644e-001,-2.06905e-002
2.113999360644e-001,3.43016e-003
2.123999360644e-001,3.43016e-003
2.133999360644e-001,1.14703e-002
2.143999360644e-001,-4.61006e-003
2.153999360644e-001,3.43016e-003
2.163999360644e-001,-2.06905e-002
2.173999360644e-001,-2.87307e-002
2.183999360644e-001,3.43016e-003
2.193999360644e-001,3.49159e-001
2.203999360644e-001,2.44636e-001
2.213999360644e-001,-5.28513e-002
2.223999360644e-001,-2.06905e-002
2.233999360644e-001,1.14703e-002
2.243999360644e-001,1.14703e-002
2.253999360644e-001,3.43016e-003
2.263999360644e-001,-4.61006e-003
2.273999360644e-001,3.43016e-003
2.283999360644e-001,-1.26503e-002
2.293999360644e-001,1.95105e-002
2.303999360644e-001,1.95105e-002
2.313999360644e-001,-1.26503e-002
2.323999360644e-001,-1.26503e-002
2.333999360644e-001,-4.61006e-003
2.343999360644e-001,3.43016e-003
2.353999360644e-001,-2.06905e-002
2.363999360644e-001,-1.26503e-002
2.373999360644e-001,-2.06905e-002
2.383999360644e-001,-4.61006e-003
2.393999360644e-001,3.73279e-001
2.403999360644e-001,2.20516e-001
2.413999360644e-001,-6.08914e-002
2.423999360644e-001,-2.06905e-002
2.433999360644e-001,1.14703e-002
2.443999360644e-001,3.43016e-003
2.453999360644e-001,-2.06905e-002
2.463999360644e-001,3.43016e-003
2.473999360644e-001,3.43016e-003
2.483999360644e-001,-2.06905e-002
2.493999360644e-001,-2.06905e-002
2.503999360644e-001,-2.87307e-002
2.513999360644e-001,3.43016e-003
2.523999360644e-001,3.43016e-003
2.533999360644e-001,3.43016e-003
2.543999360644e-001,-4.61006e-003
2.553999360644e-001,-4.61006e-003
2.563999360644e-001,-2.06905e-002
2.573999360644e-001,-2.87307e-002
2.583999360644e-001,1.95105e-002
2.593999360644e-001,3.65239e-001
2.603999360644e-001,2.12475e-001
2.613999360644e-001,-5.28513e-002
2.623999360644e-001,-2.87307e-002
2.633999360644e-001,1.14703e-002
2.643999360644e-001,3.43016e-003
2.653999360644e-001,3.43016e-003
2.663999360644e-001,-2.06905e-002
2.673999360644e-001,3.43016e-003
2.683999360644e-001,3.43016e-003
2.693999360644e-001,3.43016e-003
2.703999360644e-001,1.95105e-002
2.713999360644e-001,-4.61006e-003
2.723999360644e-001,-1.26503e-002
2.733999360644e-001,3.43016e-003
2.743999360644e-001,3.43016e-003
2.753999360644e-001,-4.61006e-003
2.763999360644e-001,-2.06905e-002
2.773999360644e-001,-2.87307e-002
2.783999360644e-001,3.43016e-003
2.793999360644e-001,3.65239e-001
2.803999360644e-001,2.20516e-001
2.813999360644e-001,-4.48111e-002
2.823999360644e-001,-3.67709e-002
2.833999360644e-001,1.14703e-002
2.843999360644e-001,-4.61006e-003
2.853999360644e-001,-4.61006e-003
2.863999360644e-001,-4.61006e-003
2.873999360644e-001,3.43016e-003
2.883999360644e-001,-2.06905e-002
2.893999360644e-001,-4.61006e-003
2.903999360644e-001,-4.61006e-003
2.913999360644e-001,-4.61006e-003
2.923999360644e-001,-2.87307e-002
2.933999360644e-001,3.43016e-003
2.943999360644e-001,-4.61006e-003
2.953999360644e-001,3.43016e-003
2.963999360644e-001,-2.06905e-002
2.973999360644e-001,-3.67709e-002
2.983999360644e-001,1.14703e-002
2.993999360644e-001,3.57199e-001
3.003999360644e-001,2.20516e-001
3.013999360644e-001,-6.08914e-002
3.023999360644e-001,-4.61006e-003
3.033999360644e-001,-1.26503e-002
3.043999360644e-001,-4.61006e-003
3.053999360644e-001,-4.61006e-003
3.063999360644e-001,3.43016e-003
3.073999360644e-001,-1.26503e-002
3.083999360644e-001,-1.26503e-002
3.093999360644e-001,3.43016e-003
3.103999360644e-001,-4.61006e-003
3.113999360644e-001,-1.26503e-002
3.123999360644e-001,-4.61006e-003
3.133999360644e-001,3.43016e-003
3.143999360644e-001,3.43016e-003
3.153999360644e-001,3.43016e-003
3.163999360644e-001,3.43016e-003
3.173999360644e-001,-3.67709e-002
3.183999360644e-001,-4.61006e-003
3.193999360644e-001,3.73279e-001
3.203999360644e-001,1.96395e-001
3.213999360644e-001,-4.48111e-002
3.223999360644e-001,-1.26503e-002
3.233999360644e-001,-1.26503e-002
3.243999360644e-001,1.14703e-002
3.253999360644e-001,-4.61006e-003
3.263999360644e-001,1.14703e-002
3.273999360644e-001,-4.61006e-003
3.283999360644e-001,-4.61006e-003
3.293999360644e-001,-4.61006e-003
3.303999360644e-001,3.43016e-003
3.313999360644e-001,-4.61006e-003
3.323999360644e-001,3.43016e-003
3.333999360644e-001,-4.61006e-003
3.343999360644e-001,3.43016e-003
3.353999360644e-001,-1.26503e-002
3.363999360644e-001,-4.61006e-003
3.373999360644e-001,-2.06905e-002
3.383999360644e-001,-4.61006e-003
3.393999360644e-001,3.16998e-001
3.403999360644e-001,2.52676e-001
3.413999360644e-001,-3.67709e-002
3.423999360644e-001,-2.87307e-002
3.433999360644e-001,1.14703e-002
3.443999360644e-001,3.43016e-003
3.453999360644e-001,-4.61006e-003
3.463999360644e-001,-1.26503e-002
3.473999360644e-001,3.43016e-003
3.483999360644e-001,-4.61006e-003
3.493999360644e-001,-4.61006e-003
3.503999360644e-001,-1.26503e-002
3.513999360644e-001,-1.26503e-002
3.523999360644e-001,-2.06905e-002
3.533999360644e-001,-1.26503e-002
3.543999360644e-001,-4.61006e-003
3.553999360644e-001,-1.26503e-002
3.563999360644e-001,-2.87307e-002
3.573999360644e-001,-2.87307e-002
3.583999360644e-001,3.43016e-003
3.593999360644e-001,3.41119e-001
3.603999360644e-001,1.88355e-001
3.613999360644e-001,-6.08914e-002
3.623999360644e-001,-2.06905e-002
3.633999360644e-001,3.43016e-003
3.643999360644e-001,-4.61006e-003
3.653999360644e-001,-4.61006e-003
3.663999360644e-001,-1.26503e-002
3.673999360644e-001,-4.61006e-003
3.683999360644e-001,-4.61006e-003
3.693999360644e-001,-4.61006e-003
3.703999360644e-001,-1.26503e-002
3.713999360644e-001,-4.61006e-003
3.723999360644e-001,-4.61006e-003
3.733999360644e-001,3.43016e-003
3.743999360644e-001,3.43016e-003
3.753999360644e-001,-4.61006e-003
3.763999360644e-001,-1.26503e-002
3.773999360644e-001,-1.26503e-002
3.783999360644e-001,3.43016e-003
3.793999360644e-001,3.25038e-001
3.803999360644e-001,2.36596e-001
3.813999360644e-001,-3.67709e-002
3.823999360644e-001,-2.06905e-002
3.833999360644e-001,-4.61006e-003
3.843999360644e-001,-4.61006e-003
3.853999360644e-001,3.43016e-003
3.863999360644e-001,3.43016e-003
3.873999360644e-001,-1.26503e-002
3.883999360644e-001,3.43016e-003
3.893999360644e-001,1.14703e-002
3.903999360644e-001,-4.61006e-003
3.913999360644e-001,-2.06905e-002
3.923999360644e-001,-1.26503e-002
3.933999360644e-001,-1.26503e-002
3.943999360644e-001,-1.26503e-002
3.953999360644e-001,-4.61006e-003
3.963999360644e-001,-4.61006e-003
3.973999360644e-001,-2.06905e-002
3.983999360644e-001,3.43016e-003
3.993999360644e-001,3.33078e-001
4.003999360644e-001,2.04435e-001
4.013999360644e-001,-6.08914e-002
4.023999360644e-001,-2.06905e-002
4.033999360644e-001,1.95105e-002
4.043999360644e-001,3.43016e-003
4.053999360644e-001,-1.26503e-002
4.063999360644e-001,-4.61006e-003
4.073999360644e-001,-1.26503e-002
4.083999360644e-001,1.14703e-002
4.093999360644e-001,-2.87307e-002
4.103999360644e-001,-4.61006e-003
4.113999360644e-001,-4.61006e-003
4.123999360644e-001,-1.26503e-002
4.133999360644e-001,-4.61006e-003
4.143999360644e-001,-4.61006e-003
4.153999360644e-001,3.43016e-003
4.163999360644e-001,-1.26503e-002
4.173999360644e-001,-2.87307e-002
4.183999360644e-001,-4.61006e-003
4.193999360644e-001,3.08958e-001
4.203999360644e-001,2.20516e-001
4.213999360644e-001,-3.67709e-002
4.223999360644e-001,-2.87307e-002
4.233999360644e-001,-4.61006e-003
4.243999360644e-001,-4.61006e-003
4.253999360644e-001,-1.26503e-002
4.263999360644e-001,-1.26503e-002
4.273999360644e-001,-4.61006e-003
4.283999360644e-001,-4.61006e-003
4.293999360644e-001,1.14703e-002
4.303999360644e-001,-4.61006e-003
4.313999360644e-001,-4.61006e-003
4.323999360644e-001,-4.61006e-003
4.333999360644e-001,-1.26503e-002
4.343999360644e-001,-4.61006e-003
4.353999360644e-001,-4.61006e-003
4.363999360644e-001,-2.06905e-002
4.373999360644e-001,-2.06905e-002
4.383999360644e-001,3.43016e-003
4.393999360644e-001,3.33078e-001
4.403999360644e-001,1.72274e-001
4.413999360644e-001,-5.28513e-002
4.423999360644e-001,-2.06905e-002
4.433999360644e-001,-4.61006e-003
4.443999360644e-001,-4.61006e-003
4.453999360644e-001,3.43016e-003
4.463999360644e-001,3.43016e-003
4.473999360644e-001,-4.61006e-003
4.483999360644e-001,3.43016e-003
4.493999360644e-001,1.14703e-002
4.503999360644e-001,-4.61006e-003
4.513999360644e-001,3.43016e-003
4.523999360644e-001,-1.26503e-002
4.533999360644e-001,-1.26503e-002
4.543999360644e-001,3.43016e-003
4.553999360644e-001,-4.61006e-003
4.563999360644e-001,-4.61006e-003
4.573999360644e-001,-3.67709e-002
4.583999360644e-001,3.43016e-003
4.593999360644e-001,2.92877e-001
4.603999360644e-001,2.44636e-001
4.613999360644e-001,-2.87307e-002
4.623999360644e-001,-2.06905e-002
4.633999360644e-001,-1.26503e-002
4.643999360644e-001,1.95105e-002
4.653999360644e-001,-1.26503e-002
4.663999360644e-001,-4.61006e-003
4.673999360644e-001,3.43016e-003
4.683999360644e-001,-4.61006e-003
4.693999360644e-001,3.43016e-003
4.703999360644e-001,-1.26503e-002
4.713999360644e-001,3.43016e-003
4.723999360644e-001,-4.61006e-003
4.733999360644e-001,1.14703e-002
4.743999360644e-001,1.14703e-002
4.753999360644e-001,3.43016e-003
4.763999360644e-001,3.43016e-003
4.773999360644e-001,-2.06905e-002
4.783999360644e-001,1.14703e-002
4.793999360644e-001,3.25038e-001
4.803999360644e-001,1.72274e-001
4.813999360644e-001,-3.67709e-002
4.823999360644e-001,-2.06905e-002
4.833999360644e-001,-1.26503e-002
4.843999360644e-001,-4.61006e-003
4.853999360644e-001,-1.26503e-002
4.863999360644e-001,3.43016e-003
4.873999360644e-001,-1.26503e-002
4.883999360644e-001,-4.61006e-003
4.893999360644e-001,1.14703e-002
4.903999360644e-001,1.14703e-002
4.913999360644e-001,-1.26503e-002
4.923999360644e-001,-2.06905e-002
4.933999360644e-001,-1.26503e-002
4.943999360644e-001,1.95105e-002
4.953999360644e-001,3.43016e-003
4.963999360644e-001,3.43016e-003
4.973999360644e-001,-2.87307e-002
4.983999360644e-001,-4.61006e-003
4.993999360644e-001,2.92877e-001
5.003999360644e-001,2.20516e-001
5.013999360644e-001,-4.48111e-002
5.023999360644e-001,-2.06905e-002
5.033999360644e-001,3.43016e-003
5.043999360644e-001,-4.61006e-003
5.053999360644e-001,1.14703e-002
5.063999360644e-001,1.14703e-002
5.073999360644e-001,-1.26503e-002
5.083999360644e-001,1.14703e-002
5.093999360644e-001,3.43016e-003
5.103999360644e-001,-1.26503e-002
5.113999360644e-001,-4.61006e-003
5.123999360644e-001,-2.06905e-002
5.133999360644e-001,-4.61006e-003
5.143999360644e-001,3.43016e-003
5.153999360644e-001,-1.26503e-002
5.163999360644e-001,-1.26503e-002
5.173999360644e-001,-2.87307e-002
5.183999360644e-001,3.43016e-003
5.193999360644e-001,3.25038e-001
5.203999360644e-001,1.72274e-001
5.213999360644e-001,-4.48111e-002
5.223999360644e-001,-2.06905e-002
5.233999360644e-001,3.43016e-003
5.243999360644e-001,3.43016e-003
5.253999360644e-001,-4.61006e-003
5.263999360644e-001,3.43016e-003
5.273999360644e-001,-1.26503e-002
5.283999360644e-001,-4.61006e-003
5.293999360644e-001,-4.61006e-003
5.303999360644e-001,1.14703e-002
5.313999360644e-001,3.43016e-003
5.323999360644e-001,-2.06905e-002
5.333999360644e-001,3.43016e-003
5.343999360644e-001,1.14703e-002
5.353999360644e-001,3.43016e-003
5.363999360644e-001,3.43016e-003
5.373999360644e-001,-2.06905e-002
5.383999360644e-001,3.43016e-003
5.393999360644e-001,2.68757e-001
5.403999360644e-001,2.12475e-001
5.413999360644e-001,-3.67709e-002
5.423999360644e-001,-1.26503e-002
5.433999360644e-001,3.43016e-003
5.443999360644e-001,3.43016e-003
5.453999360644e-001,3.43016e-003
5.463999360644e-001,-1.26503e-002
5.473999360644e-001,-1.26503e-002
5.483999360644e-001,-4.61006e-003
5.493999360644e-001,-4.61006e-003
5.503999360644e-001,-1.26503e-002
5.513999360644e-001,-1.26503e-002
5.523999360644e-001,-4.61006e-003
5.533999360644e-001,-2.06905e-002
5.543999360644e-001,-4.61006e-003
5.553999360644e-001,1.14703e-002
5.563999360644e-001,-1.26503e-002
5.573999360644e-001,-3.67709e-002
5.583999360644e-001,1.14703e-002
5.593999360644e-001,3.00918e-001
5.603999360644e-001,1.48154e-001
5.613999360644e-001,-5.28513e-002
5.623999360644e-001,-1.26503e-002
5.633999360644e-001,3.43016e-003
5.643999360644e-001,1.14703e-002
5.653999360644e-001,3.43016e-003
5.663999360644e-001,1.14703e-002
5.673999360644e-001,-4.61006e-003
5.683999360644e-001,3.43016e-003
5.693999360644e-001,1.14703e-002
5.703999360644e-001,1.14703e-002
5.713999360644e-001,3.43016e-003
5.723999360644e-001,1.14703e-002
5.733999360644e-001,-2.06905e-002
5.743999360644e-001,3.43016e-003
5.753999360644e-001,-4.61006e-003
5.763999360644e-001,-2.06905e-002
5.773999360644e-001,-2.06905e-002
5.783999360644e-001,-1.26503e-002
5.793999360644e-001,2.84837e-001
5.803999360644e-001,1.88355e-001
5.813999360644e-001,-2.87307e-002
5.823999360644e-001,-4.61006e-003
5.833999360644e-001,-4.61006e-003
5.843999360644e-001,3.43016e-003
5.853999360644e-001,-2.06905e-002
5.863999360644e-001,-4.61006e-003
5.873999360644e-001,-2.06905e-002
5.883999360644e-001,-1.26503e-002
5.893999360644e-001,-4.61006e-003
5.903999360644e-001,-4.61006e-003
5.913999360644e-001,3.43016e-003
5.923999360644e-001,-4.61006e-003
5.933999360644e-001,3.43016e-003
5.943999360644e-001,3.43016e-003
5.953999360644e-001,-1.26503e-002
5.963999360644e-001,-2.06905e-002
5.973999360644e-001,-2.06905e-002
5.983999360644e-001,-4.61006e-003
5.993999360644e-001,2.76797e-001
6.003999360644e-001,1.88355e-001
6.013999360644e-001,-5.28513e-002
6.023999360644e-001,-1.26503e-002
6.033999360644e-001,-4.61006e-003
6.043999360644e-001,3.43016e-003
6.053999360644e-001,-1.26503e-002
6.063999360644e-001,1.14703e-002
6.073999360644e-001,-1.26503e-002
6.083999360644e-001,-4.61006e-003
6.093999360644e-001,1.14703e-002
6.103999360644e-001,3.43016e-003
6.113999360644e-001,-2.06905e-002
6.123999360644e-001,-4.61006e-003
6.133999360644e-001,-4.61006e-003
6.143999360644e-001,3.43016e-003
6.153999360644e-001,-4.61006e-003
6.163999360644e-001,-1.26503e-002
6.173999360644e-001,-2.06905e-002
6.183999360644e-001,1.14703e-002
6.193999360644e-001,2.68757e-001
6.203999360644e-001,1.80315e-001
6.213999360644e-001,-2.87307e-002
6.223999360644e-001,-2.87307e-002
6.233999360644e-001,-4.61006e-003
6.243999360644e-001,-4.61006e-003
6.253999360644e-001,-1.26503e-002
6.263999360644e-001,-4.61006e-003
6.273999360644e-001,-4.61006e-003
6.283999360644e-001,3.43016e-003
6.293999360644e-001,3.43016e-003
6.303999360644e-001,3.43016e-003
6.313999360644e-001,-1.26503e-002
6.323999360644e-001,-1.26503e-002
6.333999360644e-001,-1.26503e-002
6.343999360644e-001,-4.61006e-003
6.353999360644e-001,-4.61006e-003
6.363999360644e-001,-1.26503e-002
6.373999360644e-001,-2.06905e-002
6.383999360644e-001,1.14703e-002
6.393999360644e-001,2.76797e-001
6.403999360644e-001,1.64234e-001
6.413999360644e-001,-3.67709e-002
6.423999360644e-001,-2.06905e-002
6.433999360644e-001,1.14703e-002
6.443999360644e-001,3.43016e-003
6.453999360644e-001,-4.61006e-003
6.463999360644e-001,-1.26503e-002
6.473999360644e-001,3.43016e-003
6.483999360644e-001,3.43016e-003
6.493999360644e-001,1.14703e-002
6.503999360644e-001,-4.61006e-003
6.513999360644e-001,-4.61006e-003
6.523999360644e-001,-4.61006e-003
6.533999360644e-001,-4.61006e-003
6.543999360644e-001,-4.61006e-003
6.553999360644e-001,3.43016e-003
6.563999360644e-001,-1.26503e-002
6.573999360644e-001,-2.06905e-002
6.583999360644e-001,3.43016e-003
6.593999360644e-001,2.76797e-001
6.603999360644e-001,1.72274e-001
6.613999360644e-001,-3.67709e-002
6.623999360644e-001,-2.06905e-002
6.633999360644e-001,3.43016e-003
6.643999360644e-001,1.14703e-002
6.653999360644e-001,-4.61006e-003
6.663999360644e-001,1.14703e-002
6.673999360644e-001,-2.06905e-002
6.683999360644e-001,-1.26503e-002
6.693999360644e-001,-4.61006e-003
6.703999360644e-001,3.43016e-003
6.713999360644e-001,-1.26503e-002
6.723999360644e-001,-4.61006e-003
6.733999360644e-001,3.43016e-003
6.743999360644e-001,-4.61006e-003
6.753999360644e-001,3.43016e-003
6.763999360644e-001,-2.06905e-002
6.773999360644e-001,-3.67709e-002
6.783999360644e-001,1.95105e-002
6.793999360644e-001,2.60717e-001
6.803999360644e-001,1.88355e-001
6.813999360644e-001,-4.48111e-002
6.823999360644e-001,-2.87307e-002
6.833999360644e-001,-4.61006e-003
6.843999360644e-001,-1.26503e-002
6.853999360644e-001,1.14703e-002
6.863999360644e-001,1.14703e-002
6.873999360644e-001,-4.61006e-003
6.883999360644e-001,-4.61006e-003
6.893999360644e-001,1.95105e-002
6.903999360644e-001,-4.61006e-003
6.913999360644e-001,-2.06905e-002
6.923999360644e-001,-2.06905e-002
6.933999360644e-001,-4.61006e-003
6.943999360644e-001,-1.26503e-002
6.953999360644e-001,-4.61006e-003
6.963999360644e-001,-1.26503e-002
6.973999360644e-001,-2.06905e-002
6.983999360644e-001,3.43016e-003
6.993999360644e-001,2.92877e-001
7.003999360644e-001,1.32073e-001
7.013999360644e-001,-5.28513e-002
7.023999360644e-001,-1.26503e-002
7.033999360644e-001,1.14703e-002
7.043999360644e-001,-4.61006e-003
7.053999360644e-001,-4.61006e-003
7.063999360644e-001,-2.87307e-002
7.073999360644e-001,3.43016e-003
7.083999360644e-001,-1.26503e-002
7.093999360644e-001,-1.26503e-002
7.103999360644e-001,1.14703e-002
7.113999360644e-001,1.14703e-002
7.123999360644e-001,-2.06905e-002
7.133999360644e-001,-1.26503e-002
7.143999360644e-001,3.43016e-003
7.153999360644e-001,-4.61006e-003
7.163999360644e-001,-2.87307e-002
7.173999360644e-001,-2.87307e-002
7.183999360644e-001,3.43016e-003
7.193999360644e-001,2.60717e-001
7.203999360644e-001,1.88355e-001
7.213999360644e-001,-4.48111e-002
7.223999360644e-001,-1.26503e-002
7.233999360644e-001,1.14703e-002
7.243999360644e-001,-1.26503e-002
7.253999360644e-001,3.43016e-003
7.263999360644e-001,1.14703e-002
7.273999360644e-001,-4.61006e-003
7.283999360644e-001,3.43016e-003
7.293999360644e-001,3.43016e-003
7.303999360644e-001,3.43016e-003
7.313999360644e-001,-1.26503e-002
7.323999360644e-001,-4.61006e-003
7.333999360644e-001,-1.26503e-002
7.343999360644e-001,-4.61006e-003
7.353999360644e-001,-1.26503e-002
7.363999360644e-001,-1.26503e-002
7.373999360644e-001,-1.26503e-002
7.383999360644e-001,3.43016e-003
7.393999360644e-001,2.60717e-001
7.403999360644e-001,1.48154e-001
7.413999360644e-001,-3.67709e-002
7.423999360644e-001,-4.61006e-003
7.433999360644e-001,-1.26503e-002
7.443999360644e-001,-4.61006e-003
7.453999360644e-001,-4.61006e-003
7.463999360644e-001,-4.61006e-003
7.473999360644e-001,-4.61006e-003
7.483999360644e-001,3.43016e-003
7.493999360644e-001,-4.61006e-003
7.503999360644e-001,-4.61006e-003
7.513999360644e-001,1.14703e-002
7.523999360644e-001,-4.61006e-003
7.533999360644e-001,-4.61006e-003
7.543999360644e-001,3.43016e-003
7.553999360644e-001,-4.61006e-003
7.563999360644e-001,-4.61006e-003
7.573999360644e-001,-3.67709e-002
7.583999360644e-001,3.43016e-003
7.593999360644e-001,2.44636e-001
7.603999360644e-001,1.56194e-001
7.613999360644e-001,-5.28513e-002
7.623999360644e-001,-1.26503e-002
7.633999360644e-001,1.14703e-002
7.643999360644e-001,-4.61006e-003
7.653999360644e-001,-4.61006e-003
7.663999360644e-001,3.43016e-003
7.673999360644e-001,-1.26503e-002
7.683999360644e-001,-2.06905e-002
7.693999360644e-001,1.14703e-002
7.703999360644e-001,1.14703e-002
7.713999360644e-001,-1.26503e-002
7.723999360644e-001,3.43016e-003
7.733999360644e-001,3.43016e-003
7.743999360644e-001,3.43016e-003
7.753999360644e-001,1.14703e-002
7.763999360644e-001,-1.26503e-002
7.773999360644e-001,-2.06905e-002
7.783999360644e-001,3.43016e-003
7.793999360644e-001,2.76797e-001
7.803999360644e-001,1.40114e-001
7.813999360644e-001,-3.67709e-002
7.823999360644e-001,-4.61006e-003
7.833999360644e-001,3.43016e-003
7.843999360644e-001,3.43016e-003
7.853999360644e-001,3.43016e-003
7.863999360644e-001,3.43016e-003
7.873999360644e-001,-4.61006e-003
7.883999360644e-001,3.43016e-003
7.893999360644e-001,-1.26503e-002
7.903999360644e-001,-1.26503e-002
7.913999360644e-001,-4.61006e-003
7.923999360644e-001,-4.61006e-003
7.933999360644e-001,-2.06905e-002
7.943999360644e-001,3.43016e-003
7.953999360644e-001,-1.26503e-002
7.963999360644e-001,-4.61006e-003
7.973999360644e-001,-2.06905e-002
7.983999360644e-001,3.43016e-003
7.993999360644e-001,2.44636e-001
8.003999360644e-001,1.80315e-001
8.013999360644e-001,-3.67709e-002
8.023999360644e-001,-4.61006e-003
8.033999360644e-001,-4.61006e-003
8.043999360644e-001,3.43016e-003
8.053999360644e-001,-4.61006e-003
8.063999360644e-001,-4.61006e-003
8.073999360644e-001,-4.61006e-003
8.083999360644e-001,-4.61006e-003
8.093999360644e-001,3.43016e-003
8.103999360644e-001,1.14703e-002
8.113999360644e-001,-1.26503e-002
8.123999360644e-001,-4.61006e-003
8.133999360644e-001,3.43016e-003
8.143999360644e-001,3.43016e-003
8.153999360644e-001,1.14703e-002
8.163999360644e-001,-2.06905e-002
8.173999360644e-001,-2.06905e-002
8.183999360644e-001,1.14703e-002
8.193999360644e-001,2.60717e-001
8.203999360644e-001,1.32073e-001
8.213999360644e-001,-3.67709e-002
8.223999360644e-001,-2.87307e-002
8.233999360644e-001,-4.61006e-003
8.243999360644e-001,-4.61006e-003
8.253999360644e-001,1.14703e-002
8.263999360644e-001,3.43016e-003
8.273999360644e-001,3.43016e-003
8.283999360644e-001,-4.61006e-003
8.293999360644e-001,3.43016e-003
8.303999360644e-001,3.43016e-003
8.313999360644e-001,-1.26503e-002
8.323999360644e-001,3.43016e-003
8.333999360644e-001,-4.61006e-003
8.343999360644e-001,3.43016e-003
8.353999360644e-001,1.14703e-002
8.363999360644e-001,-2.06905e-002
8.373999360644e-001,-2.06905e-002
8.383999360644e-001,3.43016e-003
8.393999360644e-001,2.52676e-001
8.403999360644e-001,1.64234e-001
8.413999360644e-001,-2.87307e-002
8.423999360644e-001,-2.06905e-002
8.433999360644e-001,-1.26503e-002
8.443999360644e-001,3.43016e-003
8.453999360644e-001,3.43016e-003
8.463999360644e-001,-1.26503e-002
8.473999360644e-001,-2.06905e-002
8.483999360644e-001,1.14703e-002
8.493999360644e-001,-4.61006e-003
8.503999360644e-001,3.43016e-003
8.513999360644e-001,-4.61006e-003
8.523999360644e-001,-2.06905e-002
8.533999360644e-001,-2.06905e-002
8.543999360644e-001,3.43016e-003
8.553999360644e-001,3.43016e-003
8.563999360644e-001,-1.26503e-002
8.573999360644e-001,-2.06905e-002
8.583999360644e-001,1.14703e-002
8.593999360644e-001,2.36596e-001
8.603999360644e-001,1.48154e-001
8.613999360644e-001,-5.28513e-002
8.623999360644e-001,-2.06905e-002
8.633999360644e-001,3.43016e-003
8.643999360644e-001,-4.61006e-003
8.653999360644e-001,-4.61006e-003
8.663999360644e-001,-4.61006e-003
8.673999360644e-001,3.43016e-003
8.683999360644e-001,-1.26503e-002
8.693999360644e-001,-4.61006e-003
8.703999360644e-001,3.43016e-003
8.713999360644e-001,3.43016e-003
8.723999360644e-001,3.43016e-003
8.733999360644e-001,-4.61006e-003
8.743999360644e-001,-4.61006e-003
8.753999360644e-001,-1.26503e-002
8.763999360644e-001,-2.06905e-002
8.773999360644e-001,-1.26503e-002
8.783999360644e-001,-4.61006e-003
8.793999360644e-001,2.44636e-001
8.803999360644e-001,1.56194e-001
8.813999360644e-001,-2.87307e-002
8.823999360644e-001,-2.87307e-002
8.833999360644e-001,-4.61006e-003
8.843999360644e-001,1.14703e-002
8.853999360644e-001,3.43016e-003
8.863999360644e-001,3.43016e-003
8.873999360644e-001,3.43016e-003
8.883999360644e-001,1.14703e-002
8.893999360644e-001,3.43016e-003
8.903999360644e-001,3.43016e-003
8.913999360644e-001,-2.06905e-002
8.923999360644e-001,3.43016e-003
8.933999360644e-001,3.43016e-003
8.943999360644e-001,-4.61006e-003
8.953999360644e-001,3.43016e-003
8.963999360644e-001,-1.26503e-002
8.973999360644e-001,-2.06905e-002
8.983999360644e-001,3.43016e-003
8.993999360644e-001,2.20516e-001
9.003999360644e-001,1.48154e-001
9.013999360644e-001,-4.48111e-002
9.023999360644e-001,-1.26503e-002
9.033999360644e-001,3.43016e-003
9.043999360644e-001,3.43016e-003
9.053999360644e-001,-4.61006e-003
9.063999360644e-001,-4.61006e-003
9.073999360644e-001,-4.61006e-003
9.083999360644e-001,-4.61006e-003
9.093999360644e-001,1.14703e-002
9.103999360644e-001,1.14703e-002
9.113999360644e-001,-4.61006e-003
9.123999360644e-001,-4.61006e-003
9.133999360644e-001,3.43016e-003
9.143999360644e-001,-4.61006e-003
9.153999360644e-001,1.14703e-002
9.163999360644e-001,-1.26503e-002
9.173999360644e-001,-2.06905e-002
9.183999360644e-001,-4.61006e-003
9.193999360644e-001,2.44636e-001
9.203999360644e-001,1.56194e-001
9.213999360644e-001,-3.67709e-002
9.223999360644e-001,-2.06905e-002
9.233999360644e-001,-1.26503e-002
9.243999360644e-001,1.95105e-002
9.253999360644e-001,1.14703e-002
9.263999360644e-001,3.43016e-003
9.273999360644e-001,-4.61006e-003
9.283999360644e-001,-4.61006e-003
9.293999360644e-001,-1.26503e-002
9.303999360644e-001,1.14703e-002
9.313999360644e-001,3.43016e-003
9.323999360644e-001,1.14703e-002
9.333999360644e-001,-4.61006e-003
9.343999360644e-001,3.43016e-003
9.353999360644e-001,-4.61006e-003
9.363999360644e-001,-4.61006e-003
9.373999360644e-001,-2.06905e-002
9.383999360644e-001,3.43016e-003
9.393999360644e-001,2.28556e-001
9.403999360644e-001,1.64234e-001
9.413999360644e-001,-4.48111e-002
9.423999360644e-001,-1.26503e-002
9.433999360644e-001,3.43016e-003
9.443999360644e-001,-4.61006e-003
9.453999360644e-001,-4.61006e-003
9.463999360644e-001,3.43016e-003
9.473999360644e-001,3.43016e-003
9.483999360644e-001,3.43016e-003
9.493999360644e-001,-4.61006e-003
9.503999360644e-001,1.14703e-002
9.513999360644e-001,-1.26503e-002
9.523999360644e-001,-4.61006e-003
9.533999360644e-001,-1.26503e-002
9.543999360644e-001,3.43016e-003
9.553999360644e-001,3.43016e-003
9.563999360644e-001,-1.26503e-002
9.573999360644e-001,-2.87307e-002
9.583999360644e-001,-4.61006e-003
9.593999360644e-001,2.44636e-001
9.603999360644e-001,1.32073e-001
9.613999360644e-001,-2.87307e-002
9.623999360644e-001,-2.87307e-002
9.633999360644e-001,3.43016e-003
9.643999360644e-001,-2.87307e-002
9.653999360644e-001,-4.61006e-003
9.663999360644e-001,-1.26503e-002
9.673999360644e-001,3.43016e-003
9.683999360644e-001,3.43016e-003
9.693999360644e-001,1.14703e-002
9.703999360644e-001,-2.06905e-002
9.713999360644e-001,3.43016e-003
9.723999360644e-001,-4.61006e-003
9.733999360644e-001,1.14703e-002
9.743999360644e-001,-4.61006e-003
9.753999360644e-001,1.14703e-002
9.763999360644e-001,-1.26503e-002
9.773999360644e-001,-1.26503e-002
9.783999360644e-001,1.95105e-002
9.793999360644e-001,2.36596e-001
9.803999360644e-001,1.24033e-001
9.813999360644e-001,-3.67709e-002
9.823999360644e-001,-2.87307e-002
9.833999360644e-001,-4.61006e-003
9.843999360644e-001,3.43016e-003
9.853999360644e-001,-1.26503e-002
9.863999360644e-001,-4.61006e-003
9.873999360644e-001,3.43016e-003
9.883999360644e-001,-1.26503e-002
9.893999360644e-001,3.43016e-003
9.903999360644e-001,1.14703e-002
9.913999360644e-001,-1.26503e-002
9.923999360644e-001,-4.61006e-003
9.933999360644e-001,1.14703e-002
9.943999360644e-001,-4.61006e-003
9.953999360644e-001,-1.26503e-002
9.963999360644e-001,-1.26503e-002
9.973999360644e-001,-4.61006e-003
9.983999360644e-001,1.14703e-002
9.993999360644e-001,2.28556e-001
1.000399936064e+000,1.40114e-001
1.001399936064e+000,-3.67709e-002
1.002399936064e+000,-2.87307e-002
1.003399936064e+000,-4.61006e-003
1.004399936064e+000,3.43016e-003
1.005399936064e+000,-4.61006e-003
1.006399936064e+000,1.95105e-002
1.007399936064e+000,3.43016e-003
1.008399936064e+000,-4.61006e-003
1.009399936064e+000,-4.61006e-003
1.010399936064e+000,-4.61006e-003
1.011399936064e+000,-1.26503e-002
1.012399936064e+000,-4.61006e-003
1.013399936064e+000,3.43016e-003
1.014399936064e+000,3.43016e-003
1.015399936064e+000,-4.61006e-003
1.016399936064e+000,-1.26503e-002
1.017399936064e+000,-1.26503e-002
1.018399936064e+000,1.14703e-002
1.019399936064e+000,2.28556e-001
1.020399936064e+000,1.48154e-001
1.021399936064e+000,-2.87307e-002
1.022399936064e+000,-1.26503e-002
1.023399936064e+000,1.14703e-002
1.024399936064e+000,3.43016e-003
1.025399936064e+000,3.43016e-003
1.026399936064e+000,1.14703e-002
1.027399936064e+000,-1.26503e-002
1.028399936064e+000,-2.06905e-002
1.029399936064e+000,1.14703e-002
1.030399936064e+000,1.95105e-002
1.031399936064e+000,3.43016e-003
1.032399936064e+000,3.43016e-003
1.033399936064e+000,3.43016e-003
1.034399936064e+000,3.43016e-003
1.035399936064e+000,-4.61006e-003
1.036399936064e+000,-1.26503e-002
1.037399936064e+000,-2.87307e-002
1.038399936064e+000,1.95105e-002
1.039399936064e+000,2.28556e-001
1.040399936064e+000,1.40114e-001
1.041399936064e+000,-4.48111e-002
1.042399936064e+000,-4.61006e-003
1.043399936064e+000,-1.26503e-002
1.044399936064e+000,3.43016e-003
1.045399936064e+000,3.43016e-003
1.046399936064e+000,3.43016e-003
1.047399936064e+000,-4.61006e-003
1.048399936064e+000,-4.61006e-003
1.049399936064e+000,3.43016e-003
1.050399936064e+000,-1.26503e-002
1.051399936064e+000,-4.61006e-003
1.052399936064e+000,1.14703e-002
1.053399936064e+000,3.43016e-003
1.054399936064e+000,3.43016e-003
1.055399936064e+000,3.43016e-003
1.056399936064e+000,-2.06905e-002
1.057399936064e+000,-2.06905e-002
1.058399936064e+000,3.43016e-003
1.059399936064e+000,2.12475e-001
1.060399936064e+000,1.24033e-001
1.061399936064e+000,-3.67709e-002
1.062399936064e+000,-2.87307e-002
1.063399936064e+000,3.43016e-003
1.064399936064e+000,3.43016e-003
1.065399936064e+000,-4.61006e-003
1.066399936064e+000,3.43016e-003
1.067399936064e+000,-2.06905e-002
1.068399936064e+000,-4.61006e-003
1.069399936064e+000,1.14703e-002
1.070399936064e+000,3.43016e-003
1.071399936064e+000,3.43016e-003
1.072399936064e+000,-1.26503e-002
1.073399936064e+000,-4.61006e-003
1.074399936064e+000,-4.61006e-003
1.075399936064e+000,-4.61006e-003
1.076399936064e+000,-2.06905e-002
1.077399936064e+000,-4.61006e-003
1.078399936064e+000,3.43016e-003
1.079399936064e+000,2.12475e-001
1.080399936064e+000,1.32073e-001
1.081399936064e+000,-2.06905e-002
1.082399936064e+000,-4.61006e-003
1.083399936064e+000,3.43016e-003
1.084399936064e+000,-4.61006e-003
1.085399936064e+000,3.43016e-003
1.086399936064e+000,-2.06905e-002
1.087399936064e+000,-4.61006e-003
1.088399936064e+000,3.43016e-003
1.089399936064e+000,1.14703e-002
1.090399936064e+000,-4.61006e-003
1.091399936064e+000,-2.06905e-002
1.092399936064e+000,3.43016e-003
1.093399936064e+000,-1.26503e-002
1.094399936064e+000,-2.06905e-002
1.095399936064e+000,-1.26503e-002
1.096399936064e+000,-4.61006e-003
1.097399936064e+000,-4.61006e-003
1.098399936064e+000,-1.26503e-002
1.099399936064e+000,1.96395e-001
1.100399936064e+000,1.32073e-001
1.101399936064e+000,-2.87307e-002
1.102399936064e+000,-2.06905e-002
1.103399936064e+000,-4.61006e-003
1.104399936064e+000,-1.26503e-002
1.105399936064e+000,1.14703e-002
1.106399936064e+000,3.43016e-003
1.107399936064e+000,1.14703e-002
1.108399936064e+000,-1.26503e-002
1.109399936064e+000,-4.61006e-003
1.110399936064e+000,3.43016e-003
1.111399936064e+000,3.43016e-003
1.112399936064e+000,-4.61006e-003
1.113399936064e+000,-4.61006e-003
1.114399936064e+000,-1.26503e-002
1.115399936064e+000,-2.06905e-002
1.116399936064e+000,-1.26503e-002
1.117399936064e+000,-2.06905e-002
1.118399936064e+000,1.14703e-002
1.119399936064e+000,2.04435e-001
1.120399936064e+000,1.24033e-001
1.121399936064e+000,-3.67709e-002
1.122399936064e+000,-2.06905e-002
1.123399936064e+000,-4.61006e-003
1.124399936064e+000,-4.61006e-003
1.125399936064e+000,-4.61006e-003
1.126399936064e+000,3.43016e-003
1.127399936064e+000,-4.61006e-003
1.128399936064e+000,-4.61006e-003
1.129399936064e+000,3.43016e-003
1.130399936064e+000,1.14703e-002
1.131399936064e+000,-4.61006e-003
1.132399936064e+000,-4.61006e-003
1.133399936064e+000,-4.61006e-003
1.134399936064e+000,3.43016e-003
1.135399936064e+000,-1.26503e-002
1.136399936064e+000,-1.26503e-002
1.137399936064e+000,-2.06905e-002
1.138399936064e+000,-1.26503e-002
1.139399936064e+000,2.04435e-001
1.140399936064e+000,1.24033e-001
1.141399936064e+000,-1.26503e-002
1.142399936064e+000,-1.26503e-002
1.143399936064e+000,3.43016e-003
1.144399936064e+000,1.14703e-002
1.145399936064e+000,-4.61006e-003
1.146399936064e+000,-4.61006e-003
1.147399936064e+000,-1.26503e-002
1.148399936064e+000,-4.61006e-003
1.149399936064e+000,3.43016e-003
1.150399936064e+000,3.43016e-003
1.151399936064e+000,3.43016e-003
1.152399936064e+000,-1.26503e-002
1.153399936064e+000,-4.61006e-003
1.154399936064e+000,1.14703e-002
1.155399936064e+000,-1.26503e-002
1.156399936064e+000,-4.61006e-003
1.157399936064e+000,-1.26503e-002
1.158399936064e+000,-4.61006e-003
1.159399936064e+000,1.96395e-001
1.160399936064e+000,1.24033e-001
1.161399936064e+000,-3.67709e-002
1.162399936064e+000,-1.26503e-002
1.163399936064e+000,3.43016e-003
1.164399936064e+000,-2.06905e-002
1.165399936064e+000,3.43016e-003
1.166399936064e+000,-4.61006e-003
1.167399936064e+000,-1.26503e-002
1.168399936064e+000,3.43016e-003
1.169399936064e+000,3.43016e-003
1.170399936064e+000,1.14703e-002
1.171399936064e+000,-1.26503e-002
1.172399936064e+000,3.43016e-003
1.173399936064e+000,3.43016e-003
1.174399936064e+000,-4.61006e-003
1.175399936064e+000,-4.61006e-003
1.176399936064e+000,-1.26503e-002
1.177399936064e+000,-2.06905e-002
1.178399936064e+000,-1.26503e-002
1.179399936064e+000,1.96395e-001
1.180399936064e+000,1.15993e-001
1.181399936064e+000,-2.87307e-002
1.182399936064e+000,-2.06905e-002
1.183399936064e+000,-4.61006e-003
1.184399936064e+000,-4.61006e-003
1.185399936064e+000,-4.61006e-003
1.186399936064e+000,3.43016e-003
1.187399936064e+000,3.43016e-003
1.188399936064e+000,1.14703e-002
1.189399936064e+000,3.43016e-003
1.190399936064e+000,3.43016e-003
1.191399936064e+000,1.14703e-002
1.192399936064e+000,-4.61006e-003
1.193399936064e+000,3.43016e-003
1.194399936064e+000,-1.26503e-002
1.195399936064e+000,-1.26503e-002
1.196399936064e+000,-2.06905e-002
1.197399936064e+000,-1.26503e-002
1.198399936064e+000,3.43016e-003
1.199399936064e+000,1.80315e-001
1.200399936064e+000,1.56194e-001
1.201399936064e+000,-5.28513e-002
1.202399936064e+000,-1.26503e-002
1.203399936064e+000,1.95105e-002
1.204399936064e+000,3.43016e-003
1.205399936064e+000,3.43016e-003
1.206399936064e+000,3.43016e-003
1.207399936064e+000,3.43016e-003
1.208399936064e+000,1.14703e-002
1.209399936064e+000,1.95105e-002
1.210399936064e+000,3.43016e-003
1.211399936064e+000,-1.26503e-002
1.212399936064e+000,-4.61006e-003
1.213399936064e+000,-1.26503e-002
1.214399936064e+000,-1.26503e-002
1.215399936064e+000,3.43016e-003
1.216399936064e+000,-1.26503e-002
1.217399936064e+000,-2.06905e-002
1.218399936064e+000,3.43016e-003
1.219399936064e+000,2.04435e-001
1.220399936064e+000,1.15993e-001
1.221399936064e+000,-2.06905e-002
1.222399936064e+000,-2.06905e-002
1.223399936064e+000,1.14703e-002
1.224399936064e+000,-1.26503e-002
1.225399936064e+000,-2.06905e-002
1.226399936064e+000,-1.26503e-002
1.227399936064e+000,-1.26503e-002
1.228399936064e+000,3.43016e-003
1.229399936064e+000,1.14703e-002
1.230399936064e+000,-4.61006e-003
1.231399936064e+000,3.43016e-003
1.232399936064e+000,3.43016e-003
1.233399936064e+000,-4.61006e-003
1.234399936064e+000,1.14703e-002
1.235399936064e+000,-4.61006e-003
1.236399936064e+000,-2.06905e-002
1.237399936064e+000,-1.26503e-002
1.238399936064e+000,-4.61006e-003
1.239399936064e+000,2.04435e-001
1.240399936064e+000,9.99126e-002
1.241399936064e+000,-2.87307e-002
1.242399936064e+000,-1.26503e-002
1.243399936064e+000,3.43016e-003
1.244399936064e+000,3.43016e-003
1.245399936064e+000,-4.61006e-003
1.246399936064e+000,-4.61006e-003
1.247399936064e+000,-1.26503e-002
1.248399936064e+000,-4.61006e-003
1.249399936064e+000,1.14703e-002
1.250399936064e+000,1.14703e-002
1.251399936064e+000,-1.26503e-002
1.252399936064e+000,-4.61006e-003
1.253399936064e+000,-4.61006e-003
1.254399936064e+000,3.43016e-003
1.255399936064e+000,3.43016e-003
1.256399936064e+000,-4.61006e-003
1.257399936064e+000,-1.26503e-002
1.258399936064e+000,1.14703e-002
1.259399936064e+000,1.80315e-001
1.260399936064e+000,1.15993e-001
1.261399936064e+000,-2.87307e-002
1.262399936064e+000,-2.87307e-002
1.263399936064e+000,3.43016e-003
1.264399936064e+000,1.14703e-002
1.265399936064e+000,1.14703e-002
1.266399936064e+000,1.14703e-002
1.267399936064e+000,3.43016e-003
1.268399936064e+000,-1.26503e-002
1.269399936064e+000,-4.61006e-003
1.270399936064e+000,-1.26503e-002
1.271399936064e+000,-2.06905e-002
1.272399936064e+000,-4.61006e-003
1.273399936064e+000,-4.61006e-003
1.274399936064e+000,-1.26503e-002
1.275399936064e+000,-1.26503e-002
1.276399936064e+000,-2.06905e-002
1.277399936064e+000,-1.26503e-002
1.278399936064e+000,1.14703e-002
1.279399936064e+000,1.96395e-001
1.280399936064e+000,1.15993e-001
1.281399936064e+000,-2.87307e-002
1.282399936064e+000,-1.26503e-002
1.283399936064e+000,1.14703e-002
1.284399936064e+000,-4.61006e-003
1.285399936064e+000,1.14703e-002
1.286399936064e+000,3.43016e-003
1.287399936064e+000,-1.26503e-002
1.288399936064e+000,-4.61006e-003
1.289399936064e+000,-4.61006e-003
1.290399936064e+000,-4.61006e-003
1.291399936064e+000,-2.06905e-002
1.292399936064e+000,-4.61006e-003
1.293399936064e+000,-4.61006e-003
1.294399936064e+000,3.43016e-003
1.295399936064e+000,3.43016e-003
1.296399936064e+000,-1.26503e-002
1.297399936064e+000,-2.06905e-002
1.298399936064e+000,-1.26503e-002
1.299399936064e+000,1.80315e-001
1.300399936064e+000,1.15993e-001
1.301399936064e+000,-2.06905e-002
1.302399936064e+000,-1.26503e-002
1.303399936064e+000,-1.26503e-002
1.304399936064e+000,3.43016e-003
1.305399936064e+000,1.95105e-002
1.306399936064e+000,-4.61006e-003
1.307399936064e+000,3.43016e-003
1.308399936064e+000,-1.26503e-002
1.309399936064e+000,-4.61006e-003
1.310399936064e+000,3.43016e-003
1.311399936064e+000,-2.06905e-002
1.312399936064e+000,3.43016e-003
1.313399936064e+000,-1.26503e-002
1.314399936064e+000,-1.26503e-002
1.315399936064e+000,-1.26503e-002
1.316399936064e+000,-4.61006e-003
1.317399936064e+000,-2.06905e-002
1.318399936064e+000,-4.61006e-003
1.319399936064e+000,1.80315e-001
1.320399936064e+000,1.15993e-001
1.321399936064e+000,-2.06905e-002
1.322399936064e+000,-2.06905e-002
1.323399936064e+000,-4.61006e-003
1.324399936064e+000,-4.61006e-003
1.325399936064e+000,1.14703e-002
1.326399936064e+000,-1.26503e-002
1.327399936064e+000,-1.26503e-002
1.328399936064e+000,3.43016e-003
1.329399936064e+000,1.14703e-002
1.330399936064e+000,3.43016e-003
1.331399936064e+000,-1.26503e-002
1.332399936064e+000,3.43016e-003
1.333399936064e+000,-4.61006e-003
1.334399936064e+000,-4.61006e-003
1.335399936064e+000,-4.61006e-003
1.336399936064e+000,-1.26503e-002
1.337399936064e+000,-1.26503e-002
1.338399936064e+000,-1.26503e-002
1.339399936064e+000,1.80315e-001
1.340399936064e+000,1.24033e-001
1.341399936064e+000,-2.87307e-002
1.342399936064e+000,-2.87307e-002
1.343399936064e+000,-4.61006e-003
1.344399936064e+000,-1.26503e-002
1.345399936064e+000,-1.26503e-002
1.346399936064e+000,3.43016e-003
1.347399936064e+000,-1.26503e-002
1.348399936064e+000,-4.61006e-003
1.349399936064e+000,3.43016e-003
1.350399936064e+000,-1.26503e-002
1.351399936064e+000,-4.61006e-003
1.352399936064e+000,-4.61006e-003
1.353399936064e+000,-4.61006e-003
1.354399936064e+000,3.43016e-003
1.355399936064e+000,-4.61006e-003
1.356399936064e+000,-4.61006e-003
1.357399936064e+000,-1.26503e-002
1.358399936064e+000,-4.61006e-003
1.359399936064e+000,1.72274e-001
1.360399936064e+000,9.99126e-002
1.361399936064e+000,-1.26503e-002
1.362399936064e+000,-1.26503e-002
1.363399936064e+000,3.43016e-003
1.364399936064e+000,-4.61006e-003
1.365399936064e+000,3.43016e-003
1.366399936064e+000,-4.61006e-003
1.367399936064e+000,3.43016e-003
1.368399936064e+000,-1.26503e-002
1.369399936064e+000,1.14703e-002
1.370399936064e+000,1.14703e-002
1.371399936064e+000,-1.26503e-002
1.372399936064e+000,3.43016e-003
1.373399936064e+000,-4.61006e-003
1.374399936064e+000,3.43016e-003
1.375399936064e+000,-4.61006e-003
1.376399936064e+000,-4.61006e-003
1.377399936064e+000,-2.06905e-002
1.378399936064e+000,-4.61006e-003
1.379399936064e+000,1.88355e-001
1.380399936064e+000,1.07953e-001
1.381399936064e+000,-2.06905e-002
1.382399936064e+000,-1.26503e-002
1.383399936064e+000,3.43016e-003
1.384399936064e+000,-1.26503e-002
1.385399936064e+000,3.43016e-003
1.386399936064e+000,3.43016e-003
1.387399936064e+000,-4.61006e-003
1.388399936064e+000,-4.61006e-003
1.389399936064e+000,-4.61006e-003
1.390399936064e+000,3.43016e-003
1.391399936064e+000,-1.26503e-002
1.392399936064e+000,-4.61006e-003
1.393399936064e+000,-4.61006e-003
1.394399936064e+000,3.43016e-003
1.395399936064e+000,-1.26503e-002
1.396399936064e+000,-1.26503e-002
1.397399936064e+000,-1.26503e-002
1.398399936064e+000,3.43016e-003
1.399399936064e+000,1.64234e-001
1.400399936064e+000,1.07953e-001
1.401399936064e+000,-3.67709e-002
1.402399936064e+000,-1.26503e-002
1.403399936064e+000,3.43016e-003
1.404399936064e+000,-4.61006e-003
1.405399936064e+000,-1.26503e-002
1.406399936064e+000,-4.61006e-003
1.407399936064e+000,-4.61006e-003
1.408399936064e+000,-2.06905e-002
1.409399936064e+000,-4.61006e-003
1.410399936064e+000,-4.61006e-003
1.411399936064e+000,-4.61006e-003
1.412399936064e+000,-4.61006e-003
1.413399936064e+000,-4.61006e-003
1.414399936064e+000,-1.26503e-002
1.415399936064e+000,3.43016e-003
1.416399936064e+000,-1.26503e-002
1.417399936064e+000,-1.26503e-002
1.418399936064e+000,3.43016e-003
1.419399936064e+000,1.64234e-001
1.420399936064e+000,9.99126e-002
1.421399936064e+000,-3.67709e-002
1.422399936064e+000,-2.06905e-002
1.423399936064e+000,1.14703e-002
1.424399936064e+000,3.43016e-003
1.425399936064e+000,3.43016e-003
1.426399936064e+000,-4.61006e-003
1.427399936064e+000,3.43016e-003
1.428399936064e+000,-4.61006e-003
1.429399936064e+000,3.43016e-003
1.430399936064e+000,-4.61006e-003
1.431399936064e+000,1.95105e-002
1.432399936064e+000,-1.26503e-002
1.433399936064e+000,-1.26503e-002
1.434399936064e+000,-1.26503e-002
1.435399936064e+000,3.43016e-003
1.436399936064e+000,-4.61006e-003
1.437399936064e+000,-4.61006e-003
1.438399936064e+000,-4.61006e-003
1.439399936064e+000,1.48154e-001
1.440399936064e+000,1.07953e-001
1.441399936064e+000,-2.87307e-002
1.442399936064e+000,-1.26503e-002
1.443399936064e+000,-4.61006e-003
1.444399936064e+000,3.43016e-003
1.445399936064e+000,-1.26503e-002
1.446399936064e+000,-1.26503e-002
1.447399936064e+000,3.43016e-003
1.448399936064e+000,3.43016e-003
1.449399936064e+000,3.43016e-003
1.450399936064e+000,-4.61006e-003
1.451399936064e+000,-1.26503e-002
1.452399936064e+000,3.43016e-003
1.453399936064e+000,-4.61006e-003
1.454399936064e+000,3.43016e-003
1.455399936064e+000,3.43016e-003
1.456399936064e+000,-1.26503e-002
1.457399936064e+000,3.43016e-003
1.458399936064e+000,-1.26503e-002
1.459399936064e+000,1.64234e-001
1.460399936064e+000,9.99126e-002
1.461399936064e+000,-1.26503e-002
1.462399936064e+000,3.43016e-003
1.463399936064e+000,1.14703e-002
1.464399936064e+000,-1.26503e-002
1.465399936064e+000,-4.61006e-003
1.466399936064e+000,-2.06905e-002
1.467399936064e+000,1.14703e-002
1.468399936064e+000,-4.61006e-003
1.469399936064e+000,1.14703e-002
1.470399936064e+000,-4.61006e-003
1.471399936064e+000,-4.61006e-003
1.472399936064e+000,3.43016e-003
1.473399936064e+000,3.43016e-003
1.474399936064e+000,3.43016e-003
1.475399936064e+000,-1.26503e-002
1.476399936064e+000,-4.61006e-003
1.477399936064e+000,-2.06905e-002
1.478399936064e+000,-4.61006e-003
1.479399936064e+000,1.56194e-001
1.480399936064e+000,1.07953e-001
1.481399936064e+000,-3.67709e-002
1.482399936064e+000,-1.26503e-002
1.483399936064e+000,3.43016e-003
1.484399936064e+000,-1.26503e-002
1.485399936064e+000,-4.61006e-003
1.486399936064e+000,-4.61006e-003
1.487399936064e+000,3.43016e-003
1.488399936064e+000,-4.61006e-003
1.489399936064e+000,3.43016e-003
1.490399936064e+000,3.43016e-003
1.491399936064e+000,-4.61006e-003
1.492399936064e+000,-1.26503e-002
1.493399936064e+000,-4.61006e-003
1.494399936064e+000,-4.61006e-003
1.495399936064e+000,3.43016e-003
1.496399936064e+000,-1.26503e-002
1.497399936064e+000,-1.26503e-002
1.498399936064e+000,1.14703e-002
1.499399936064e+000,1.56194e-001
1.500399936064e+000,9.18724e-002
1.501399936064e+000,-2.06905e-002
1.502399936064e+000,-4.61006e-003
1.503399936064e+000,-4.61006e-003
1.504399936064e+000,-4.61006e-003
1.505399936064e+000,-1.26503e-002
1.506399936064e+000,-4.61006e-003
1.507399936064e+000,3.43016e-003
1.508399936064e+000,3.43016e-003
1.509399936064e+000,-4.61006e-003
1.510399936064e+000,3.43016e-003
1.511399936064e+000,-1.26503e-002
1.512399936064e+000,-1.26503e-002
1.513399936064e+000,-1.26503e-002
1.514399936064e+000,1.14703e-002
1.515399936064e+000,3.43016e-003
1.516399936064e+000,-4.61006e-003
1.517399936064e+000,-2.06905e-002
1.518399936064e+000,-4.61006e-003
1.519399936064e+000,1.56194e-001
1.520399936064e+000,1.07953e-001
1.521399936064e+000,-2.06905e-002
1.522399936064e+000,-1.26503e-002
1.523399936064e+000,-4.61006e-003
1.524399936064e+000,3.43016e-003
1.525399936064e+000,-4.61006e-003
1.526399936064e+000,3.43016e-003
1.527399936064e+000,-4.61006e-003
1.528399936064e+000,-1.26503e-002
1.529399936064e+000,-4.61006e-003
1.530399936064e+000,3.43016e-003
1.531399936064e+000,-4.61006e-003
1.532399936064e+000,-1.26503e-002
1.533399936064e+000,-4.61006e-003
1.534399936064e+000,-4.61006e-003
1.535399936064e+000,3.43016e-003
1.536399936064e+000,-4.61006e-003
1.537399936064e+000,-1.26503e-002
1.538399936064e+000,-4.61006e-003
1.539399936064e+000,1.56194e-001
1.540399936064e+000,9.18724e-002
1.541399936064e+000,-2.87307e-002
1.542399936064e+000,-2.87307e-002
1.543399936064e+000,1.14703e-002
1.544399936064e+000,-1.26503e-002
1.545399936064e+000,3.43016e-003
1.546399936064e+000,3.43016e-003
1.547399936064e+000,1.14703e-002
1.548399936064e+000,-1.26503e-002
1.549399936064e+000,-1.26503e-002
1.550399936064e+000,-4.61006e-003
1.551399936064e+000,-1.26503e-002
1.552399936064e+000,-4.61006e-003
1.553399936064e+000,3.43016e-003
1.554399936064e+000,-4.61006e-003
1.555399936064e+000,1.14703e-002
1.556399936064e+000,3.43016e-003
1.557399936064e+000,-1.26503e-002
1.558399936064e+000,3.43016e-003
1.559399936064e+000,1.48154e-001
1.560399936064e+000,1.07953e-001
1.561399936064e+000,-2.87307e-002
1.562399936064e+000,-2.87307e-002
1.563399936064e+000,-4.61006e-003
1.564399936064e+000,1.14703e-002
1.565399936064e+000,3.43016e-003
1.566399936064e+000,-1.26503e-002
1.567399936064e+000,-4.61006e-003
1.568399936064e+000,-4.61006e-003
1.569399936064e+000,1.14703e-002
1.570399936064e+000,3.43016e-003
1.571399936064e+000,-4.61006e-003
1.572399936064e+000,-4.61006e-003
1.573399936064e+000,-4.61006e-003
1.574399936064e+000,3.43016e-003
1.575399936064e+000,-2.87307e-002
1.576399936064e+000,-4.61006e-003
1.577399936064e+000,-1.26503e-002
1.578399936064e+000,3.43016e-003
1.579399936064e+000,1.56194e-001
1.580399936064e+000,9.99126e-002
1.581399936064e+000,-2.87307e-002
1.582399936064e+000,-1.26503e-002
1.583399936064e+000,1.14703e-002
1.584399936064e+000,-4.61006e-003
1.585399936064e+000,-1.26503e-002
1.586399936064e+000,1.14703e-002
1.587399936064e+000,-1.26503e-002
1.588399936064e+000,-1.26503e-002
1.589399936064e+000,3.43016e-003
1.590399936064e+000,3.43016e-003
1.591399936064e+000,-4.61006e-003
1.592399936064e+000,-4.61006e-003
1.593399936064e+000,-4.61006e-003
1.594399936064e+000,-4.61006e-003
1.595399936064e+000,-4.61006e-003
1.596399936064e+000,-1.26503e-002
1.597399936064e+000,-2.06905e-002
1.598399936064e+000,3.43016e-003
1.599399936064e+000,1.40114e-001
1.600399936064e+000,8.38321e-002
1.601399936064e+000,-2.06905e-002
1.602399936064e+000,-1.26503e-002
1.603399936064e+000,3.43016e-003
1.604399936064e+000,3.43016e-003
1.605399936064e+000,-4.61006e-003
1.606399936064e+000,-4.61006e-003
1.607399936064e+000,-1.26503e-002
1.608399936064e+000,-4.61006e-003
1.609399936064e+000,2.75508e-002
1.610399936064e+000,3.43016e-003
1.611399936064e+000,-2.06905e-002
1.612399936064e+000,3.43016e-003
1.613399936064e+000,3.43016e-003
1.614399936064e+000,-1.26503e-002
1.615399936064e+000,-4.61006e-003
1.616399936064e+000,-2.06905e-002
1.617399936064e+000,-1.26503e-002
1.618399936064e+000,3.43016e-003
1.619399936064e+000,1.56194e-001
1.620399936064e+000,9.99126e-002
1.621399936064e+000,-2.87307e-002
1.622399936064e+000,-2.06905e-002
1.623399936064e+000,-1.26503e-002
1.624399936064e+000,3.43016e-003
1.625399936064e+000,-1.26503e-002
1.626399936064e+000,-1.26503e-002
1.627399936064e+000,-4.61006e-003
1.628399936064e+000,3.43016e-003
1.629399936064e+000,1.95105e-002
1.630399936064e+000,-1.26503e-002
1.631399936064e+000,1.14703e-002
1.632399936064e+000,-1.26503e-002
1.633399936064e+000,-4.61006e-003
1.634399936064e+000,3.43016e-003
1.635399936064e+000,-4.61006e-003
1.636399936064e+000,3.43016e-003
1.637399936064e+000,-4.61006e-003
1.638399936064e+000,-1.26503e-002
1.639399936064e+000,1.40114e-001
1.640399936064e+000,8.38321e-002
1.641399936064e+000,-3.67709e-002
1.642399936064e+000,-1.26503e-002
1.643399936064e+000,3.43016e-003
1.644399936064e+000,3.43016e-003
1.645399936064e+000,-4.61006e-003
1.646399936064e+000,3.43016e-003
1.647399936064e+000,3.43016e-003
1.648399936064e+000,-2.06905e-002
1.649399936064e+000,1.95105e-002
1.650399936064e+000,3.43016e-003
1.651399936064e+000,-2.06905e-002
1.652399936064e+000,1.14703e-002
1.653399936064e+000,-4.61006e-003
1.654399936064e+000,-1.26503e-002
1.655399936064e+000,-1.26503e-002
1.656399936064e+000,-2.06905e-002
1.657399936064e+000,-1.26503e-002
1.658399936064e+000,-1.26503e-002
1.659399936064e+000,1.40114e-001
1.660399936064e+000,9.99126e-002
1.661399936064e+000,-1.26503e-002
1.662399936064e+000,3.43016e-003
1.663399936064e+000,3.43016e-003
1.664399936064e+000,-4.61006e-003
1.665399936064e+000,3.43016e-003
1.666399936064e+000,-2.06905e-002
1.667399936064e+000,-2.06905e-002
1.668399936064e+000,3.43016e-003
1.669399936064e+000,-1.26503e-002
1.670399936064e+000,3.43016e-003
1.671399936064e+000,-4.61006e-003
1.672399936064e+000,-4.61006e-003
1.673399936064e+000,-1.26503e-002
1.674399936064e+000,3.43016e-003
1.675399936064e+000,3.43016e-003
1.676399936064e+000,-2.06905e-002
1.677399936064e+000,-2.06905e-002
1.678399936064e+000,-4.61006e-003
1.679399936064e+000,1.40114e-001
1.680399936064e+000,9.18724e-002
1.681399936064e+000,-2.87307e-002
1.682399936064e+000,-1.26503e-002
1.683399936064e+000,-4.61006e-003
1.684399936064e+000,3.43016e-003
1.685399936064e+000,-1.26503e-002
1.686399936064e+000,-4.61006e-003
1.687399936064e+000,-4.61006e-003
1.688399936064e+000,3.43016e-003
1.689399936064e+000,3.43016e-003
1.690399936064e+000,1.14703e-002
1.691399936064e+000,-4.61006e-003
1.692399936064e+000,-1.26503e-002
1.693399936064e+000,-1.26503e-002
1.694399936064e+000,-4.61006e-003
1.695399936064e+000,-1.26503e-002
1.696399936064e+000,-1.26503e-002
1.697399936064e+000,-2.06905e-002
1.698399936064e+000,3.43016e-003
1.699399936064e+000,1.40114e-001
1.700399936064e+000,7.57920e-002
1.701399936064e+000,-2.87307e-002
1.702399936064e+000,-4.61006e-003
1.703399936064e+000,1.14703e-002
1.704399936064e+000,-4.61006e-003
1.705399936064e+000,-1.26503e-002
1.706399936064e+000,-4.61006e-003
1.707399936064e+000,3.43016e-003
1.708399936064e+000,-4.61006e-003
1.709399936064e+000,1.14703e-002
1.710399936064e+000,3.43016e-003
1.711399936064e+000,3.43016e-003
1.712399936064e+000,3.43016e-003
1.713399936064e+000,3.43016e-003
1.714399936064e+000,3.43016e-003
1.715399936064e+000,-1.26503e-002
1.716399936064e+000,-1.26503e-002
1.717399936064e+000,-4.61006e-003
1.718399936064e+000,-2.06905e-002
1.719399936064e+000,1.40114e-001
1.720399936064e+000,9.18724e-002
1.721399936064e+000,-2.06905e-002
1.722399936064e+000,-1.26503e-002
1.723399936064e+000,-4.61006e-003
1.724399936064e+000,-4.61006e-003
1.725399936064e+000,1.14703e-002
1.726399936064e+000,-1.26503e-002
1.727399936064e+000,-4.61006e-003
1.728399936064e+000,-4.61006e-003
1.729399936064e+000,-4.61006e-003
1.730399936064e+000,3.43016e-003
1.731399936064e+000,3.43016e-003
1.732399936064e+000,-4.61006e-003
1.733399936064e+000,-4.61006e-003
1.734399936064e+000,3.43016e-003
1.735399936064e+000,-1.26503e-002
1.736399936064e+000,-4.61006e-003
1.737399936064e+000,-1.26503e-002
1.738399936064e+000,-4.61006e-003
1.739399936064e+000,1.24033e-001
1.740399936064e+000,1.07953e-001
1.741399936064e+000,-2.87307e-002
1.742399936064e+000,-4.61006e-003
1.743399936064e+000,-4.61006e-003
1.744399936064e+000,-4.61006e-003
1.745399936064e+000,-1.26503e-002
1.746399936064e+000,-2.06905e-002
1.747399936064e+000,-1.26503e-002
1.748399936064e+000,-1.26503e-002
1.749399936064e+000,1.14703e-002
1.750399936064e+000,-4.61006e-003
1.751399936064e+000,3.43016e-003
1.752399936064e+000,3.43016e-003
1.753399936064e+000,-4.61006e-003
1.754399936064e+000,-4.61006e-003
1.755399936064e+000,-4.61006e-003
1.756399936064e+000,-4.61006e-003
1.757399936064e+000,-1.26503e-002
1.758399936064e+000,-4.61006e-003
1.759399936064e+000,1.24033e-001
1.760399936064e+000,8.38321e-002
1.761399936064e+000,-2.06905e-002
1.762399936064e+000,-4.61006e-003
1.763399936064e+000,3.43016e-003
1.764399936064e+000,3.43016e-003
1.765399936064e+000,-1.26503e-002
1.766399936064e+000,-2.06905e-002
1.767399936064e+000,3.43016e-003
1.768399936064e+000,-1.26503e-002
1.769399936064e+000,-4.61006e-003
1.770399936064e+000,3.43016e-003
1.771399936064e+000,-4.61006e-003
1.772399936064e+000,3.43016e-003
1.773399936064e+000,-4.61006e-003
1.774399936064e+000,1.14703e-002
1.775399936064e+000,-4.61006e-003
1.776399936064e+000,3.43016e-003
1.777399936064e+000,-1.26503e-002
1.778399936064e+000,3.43016e-003
1.779399936064e+000,1.24033e-001
1.780399936064e+000,9.18724e-002
1.781399936064e+000,-2.87307e-002
1.782399936064e+000,-4.61006e-003
1.783399936064e+000,3.43016e-003
1.784399936064e+000,3.43016e-003
1.785399936064e+000,-4.61006e-003
1.786399936064e+000,-1.26503e-002
1.787399936064e+000,-4.61006e-003
1.788399936064e+000,3.43016e-003
1.789399936064e+000,-4.61006e-003
1.790399936064e+000,3.43016e-003
1.791399936064e+000,-1.26503e-002
1.792399936064e+000,-4.61006e-003
1.793399936064e+000,3.43016e-003
1.794399936064e+000,-4.61006e-003
1.795399936064e+000,3.43016e-003
1.796399936064e+000,-4.61006e-003
1.797399936064e+000,-1.26503e-002
1.798399936064e+000,-4.61006e-003
1.799399936064e+000,1.24033e-001
1.800399936064e+000,8.38321e-002
1.801399936064e+000,-2.06905e-002
1.802399936064e+000,-1.26503e-002
1.803399936064e+000,3.43016e-003
1.804399936064e+000,3.43016e-003
1.805399936064e+000,-1.26503e-002
1.806399936064e+000,-4.61006e-003
1.807399936064e+000,-1.26503e-002
1.808399936064e+000,3.43016e-003
1.809399936064e+000,3.43016e-003
1.810399936064e+000,1.95105e-002
1.811399936064e+000,-4.61006e-003
1.812399936064e+000,-1.26503e-002
1.813399936064e+000,-1.26503e-002
1.814399936064e+000,3.43016e-003
1.815399936064e+000,3.43016e-003
1.816399936064e+000,-1.26503e-002
1.817399936064e+000,-4.61006e-003
1.818399936064e+000,-2.06905e-002
1.819399936064e+000,1.07953e-001
1.820399936064e+000,8.38321e-002
1.821399936064e+000,-2.87307e-002
1.822399936064e+000,-1.26503e-002
1.823399936064e+000,1.14703e-002
1.824399936064e+000,1.14703e-002
1.825399936064e+000,3.43016e-003
1.826399936064e+000,1.14703e-002
1.827399936064e+000,-4.61006e-003
1.828399936064e+000,-4.61006e-003
1.829399936064e+000,1.14703e-002
1.830399936064e+000,1.14703e-002
1.831399936064e+000,-4.61006e-003
1.832399936064e+000,-1.26503e-002
1.833399936064e+000,3.43016e-003
1.834399936064e+000,3.43016e-003
1.835399936064e+000,-1.26503e-002
1.836399936064e+000,-4.61006e-003
1.837399936064e+000,-4.61006e-003
1.838399936064e+000,-4.61006e-003
1.839399936064e+000,1.32073e-001
1.840399936064e+000,8.38321e-002
1.841399936064e+000,-3.67709e-002
1.842399936064e+000,-2.06905e-002
1.843399936064e+000,-4.61006e-003
1.844399936064e+000,-1.26503e-002
1.845399936064e+000,-4.61006e-003
1.846399936064e+000,-1.26503e-002
1.847399936064e+000,3.43016e-003
1.848399936064e+000,3.43016e-003
1.849399936064e+000,3.43016e-003
1.850399936064e+000,-1.26503e-002
1.851399936064e+000,-1.26503e-002
1.852399936064e+000,3.43016e-003
1.853399936064e+000,-1.26503e-002
1.854399936064e+000,1.14703e-002
1.855399936064e+000,-1.26503e-002
1.856399936064e+000,-4.61006e-003
1.857399936064e+000,-1.26503e-002
1.858399936064e+000,-4.61006e-003
1.859399936064e+000,1.15993e-001
1.860399936064e+000,8.38321e-002
1.861399936064e+000,-2.87307e-002
1.862399936064e+000,-2.06905e-002
1.863399936064e+000,3.43016e-003
1.864399936064e+000,-4.61006e-003
1.865399936064e+000,3.43016e-003
1.866399936064e+000,-4.61006e-003
1.867399936064e+000,3.43016e-003
1.868399936064e+000,-1.26503e-002
1.869399936064e+000,3.43016e-003
1.870399936064e+000,3.43016e-003
1.871399936064e+000,-4.61006e-003
1.872399936064e+000,-4.61006e-003
1.873399936064e+000,-1.26503e-002
1.874399936064e+000,-4.61006e-003
1.875399936064e+000,3.43016e-003
1.876399936064e+000,-1.26503e-002
1.877399936064e+000,-2.87307e-002
1.878399936064e+000,-1.26503e-002
1.879399936064e+000,1.24033e-001
1.880399936064e+000,6.77518e-002
1.881399936064e+000,-2.87307e-002
1.882399936064e+000,3.43016e-003
1.883399936064e+000,3.43016e-003
1.884399936064e+000,3.43016e-003
1.885399936064e+000,3.43016e-003
1.886399936064e+000,3.43016e-003
1.887399936064e+000,-4.61006e-003
1.888399936064e+000,-1.26503e-002
1.889399936064e+000,1.14703e-002
1.890399936064e+000,3.43016e-003
1.891399936064e+000,-4.61006e-003
1.892399936064e+000,3.43016e-003
1.893399936064e+000,1.14703e-002
1.894399936064e+000,-1.26503e-002
1.895399936064e+000,3.43016e-003
1.896399936064e+000,-4.61006e-003
1.897399936064e+000,-1.26503e-002
1.898399936064e+000,-4.61006e-003
1.899399936064e+000,1.15993e-001
1.900399936064e+000,7.57920e-002
1.901399936064e+000,-3.67709e-002
1.902399936064e+000,3.43016e-003
1.903399936064e+000,-4.61006e-003
1.904399936064e+000,-1.26503e-002
1.905399936064e+000,3.43016e-003
1.906399936064e+000,-1.26503e-002
1.907399936064e+000,-1.26503e-002
1.908399936064e+000,3.43016e-003
1.909399936064e+000,3.43016e-003
1.910399936064e+000,3.43016e-003
1.911399936064e+000,-1.26503e-002
1.912399936064e+000,-4.61006e-003
1.913399936064e+000,-1.26503e-002
1.914399936064e+000,3.43016e-003
1.915399936064e+000,-1.26503e-002
1.916399936064e+000,3.43016e-003
1.917399936064e+000,-4.61006e-003
1.918399936064e+000,3.43016e-003
1.919399936064e+000,1.24033e-001
1.920399936064e+000,7.57920e-002
1.921399936064e+000,-2.06905e-002
1.922399936064e+000,-4.61006e-003
1.923399936064e+000,3.43016e-003
1.924399936064e+000,1.14703e-002
1.925399936064e+000,3.43016e-003
1.926399936064e+000,-4.61006e-003
1.927399936064e+000,-1.26503e-002
1.928399936064e+000,3.43016e-003
1.929399936064e+000,1.14703e-002
1.930399936064e+000,3.43016e-003
1.931399936064e+000,-4.61006e-003
1.932399936064e+000,3.43016e-003
1.933399936064e+000,-4.61006e-003
1.934399936064e+000,3.43016e-003
1.935399936064e+000,-4.61006e-003
1.936399936064e+000,-4.61006e-003
1.937399936064e+000,-1.26503e-002
1.938399936064e+000,3.43016e-003
1.939399936064e+000,1.07953e-001
1.940399936064e+000,7.57920e-002
1.941399936064e+000,-2.87307e-002
1.942399936064e+000,3.43016e-003
1.943399936064e+000,-4.61006e-003
1.944399936064e+000,3.43016e-003
1.945399936064e+000,-4.61006e-003
1.946399936064e+000,3.43016e-003
1.947399936064e+000,3.43016e-003
1.948399936064e+000,3.43016e-003
1.949399936064e+000,3.43016e-003
1.950399936064e+000,-4.61006e-003
1.951399936064e+000,3.43016e-003
1.952399936064e+000,-1.26503e-002
1.953399936064e+000,-1.26503e-002
1.954399936064e+000,-4.61006e-003
1.955399936064e+000,1.14703e-002
1.956399936064e+000,-4.61006e-003
1.957399936064e+000,-2.06905e-002
1.958399936064e+000,1.14703e-002