x-axis,1,2
second,Volt,Volt
-3.40000E-03,+546.80653E-03,-236.34648E-03
-3.37500E-03,+359.87186E-03,-232.40678E-03
-3.35000E-03,+146.45478E-03,-236.34648E-03
-3.32500E-03,-51.38442E-03,-236.34648E-03
-3.30000E-03,-252.33919E-03,-228.46708E-03
-3.27500E-03,-437.71607E-03,-239.79371E-03
-3.25000E-03,-649.57537E-03,-236.34648E-03
-3.22500E-03,-824.04773E-03,-236.34648E-03
-3.20000E-03,-998.52009E-03,-236.34648E-03
-3.17500E-03,-1.17299245E+00,-232.40678E-03
-3.15000E-03,-1.29761556E+00,-235.85402E-03
-3.12500E-03,-1.40821857E+00,-236.34648E-03
-3.10000E-03,-1.47208792E+00,-236.34648E-03
-3.07500E-03,-1.48299244E+00,-236.34648E-03
-3.05000E-03,-1.49701254E+00,-236.34648E-03
-3.02500E-03,-1.49389696E+00,-236.34648E-03
-3.00000E-03,-1.49701254E+00,-236.34648E-03
-2.97500E-03,-1.49701254E+00,-236.34648E-03
-2.95000E-03,-1.49701254E+00,-236.34648E-03
-2.92500E-03,-1.49701254E+00,-236.34648E-03
-2.90000E-03,-1.49701254E+00,-236.34648E-03
-2.87500E-03,-1.49701254E+00,-236.34648E-03
-2.85000E-03,-1.52037938E+00,-236.34648E-03
-2.82500E-03,-1.48299244E+00,-240.28618E-03
-2.80000E-03,-1.44716330E+00,-236.34648E-03
-2.77500E-03,-1.42223867E+00,-239.79371E-03
-2.75000E-03,-1.37238943E+00,-228.46708E-03
-2.72500E-03,-1.33500249E+00,-232.40678E-03
-2.70000E-03,-1.27269094E+00,-228.46708E-03
-2.67500E-03,-1.23374621E+00,-232.40678E-03
-2.65000E-03,-1.17299245E+00,-236.34648E-03
-2.62500E-03,-1.14806782E+00,-236.34648E-03
-2.60000E-03,-1.12158541E+00,-236.34648E-03
-2.57500E-03,-1.06083164E+00,-236.34648E-03
-2.55000E-03,-998.52009E-03,-236.34648E-03
-2.52500E-03,-948.67084E-03,-236.34648E-03
-2.50000E-03,-898.82159E-03,-236.34648E-03
-2.47500E-03,-848.97235E-03,-236.34648E-03
-2.45000E-03,-799.12310E-03,-236.34648E-03
-2.42500E-03,-735.25376E-03,-236.34648E-03
-2.40000E-03,-699.42461E-03,-235.85402E-03
-2.37500E-03,-649.57537E-03,-236.34648E-03
-2.35000E-03,-551.43466E-03,-236.34648E-03
-2.32500E-03,-524.95225E-03,-236.34648E-03
-2.30000E-03,-451.73617E-03,-235.85402E-03
-2.27500E-03,-389.42461E-03,-232.40678E-03
-2.25000E-03,-325.55527E-03,-235.85402E-03
-2.22500E-03,-250.78140E-03,-232.40678E-03
-2.20000E-03,-200.93215E-03,-228.46708E-03
-2.17500E-03,-140.17839E-03,-236.34648E-03
-2.15000E-03,-76.30904E-03,-236.34648E-03
-2.12500E-03,+22.62E-06,-236.34648E-03
-2.10000E-03,+48.31407E-03,-235.85402E-03
-2.07500E-03,+123.08794E-03,-236.34648E-03
-2.05000E-03,+197.86181E-03,-236.34648E-03
-2.02500E-03,+233.69096E-03,-236.34648E-03
-2.00000E-03,+322.48493E-03,-236.34648E-03
-1.97500E-03,+397.25879E-03,-232.40678E-03
-1.95000E-03,+447.10804E-03,-243.73341E-03
-1.92500E-03,+507.86181E-03,-236.34648E-03
-1.90000E-03,+595.09799E-03,-236.34648E-03
-1.87500E-03,+621.58040E-03,-236.34648E-03
-1.85000E-03,+719.72110E-03,-236.34648E-03
-1.82500E-03,+758.66583E-03,-236.34648E-03
-1.80000E-03,+845.90201E-03,-235.85402E-03
-1.77500E-03,+895.75125E-03,-228.46708E-03
-1.75000E-03,+920.67587E-03,-243.73341E-03
-1.72500E-03,+945.60050E-03,-232.40678E-03
-1.70000E-03,+995.44974E-03,-228.46708E-03
-1.67500E-03,+982.98743E-03,-231.91432E-03
-1.65000E-03,+970.52512E-03,-236.34648E-03
-1.62500E-03,+995.44974E-03,-236.34648E-03
-1.60000E-03,+995.44974E-03,-236.34648E-03
-1.57500E-03,+997.00753E-03,-236.83894E-03
-1.55000E-03,+1.01881658E+00,-236.34648E-03
-1.52500E-03,+1.00635426E+00,-236.34648E-03
-1.50000E-03,+1.02037437E+00,-236.34648E-03
-1.47500E-03,+1.03127889E+00,-232.40678E-03
-1.45000E-03,+997.00753E-03,-236.34648E-03
-1.42500E-03,+1.03283668E+00,-236.34648E-03
-1.40000E-03,+1.04529899E+00,-228.46708E-03
-1.37500E-03,+1.07022361E+00,-236.34648E-03
-1.35000E-03,+1.06866582E+00,-228.46708E-03
-1.32500E-03,+881.73115E-03,-232.40678E-03
-1.30000E-03,+596.65578E-03,-236.34648E-03
-1.27500E-03,+397.25879E-03,-236.34648E-03
-1.25000E-03,+221.22865E-03,-228.46708E-03
-1.22500E-03,+9.36935E-03,-232.40678E-03
-1.20000E-03,-202.48994E-03,-236.34648E-03
-1.17500E-03,-375.40451E-03,-236.34648E-03
-1.15000E-03,-576.35929E-03,-236.34648E-03
-1.12500E-03,-775.75627E-03,-236.34648E-03
-1.10000E-03,-948.67084E-03,-228.46708E-03
-1.07500E-03,-1.11068089E+00,-236.34648E-03
-1.05000E-03,-1.24776631E+00,-235.85402E-03
-1.02500E-03,-1.40821857E+00,-236.34648E-03
-1.00000E-03,-1.47053013E+00,-236.34648E-03
-975.00E-06,-1.47208792E+00,-236.34648E-03
-950.00E-06,-1.47208792E+00,-236.34648E-03
-925.00E-06,-1.49701254E+00,-231.91432E-03
-900.00E-06,-1.49701254E+00,-228.46708E-03
-875.00E-06,-1.49701254E+00,-236.34648E-03
-850.00E-06,-1.52037938E+00,-228.46708E-03
-825.00E-06,-1.49701254E+00,-236.34648E-03
-800.00E-06,-1.49701254E+00,-236.34648E-03
-775.00E-06,-1.50791707E+00,-236.34648E-03
-750.00E-06,-1.49701254E+00,-236.34648E-03
-725.00E-06,-1.49701254E+00,-239.79371E-03
-700.00E-06,-1.47053013E+00,-236.34648E-03
-675.00E-06,-1.43314320E+00,-231.91432E-03
-650.00E-06,-1.39731405E+00,-236.34648E-03
-625.00E-06,-1.34746481E+00,-236.34648E-03
-600.00E-06,-1.29761556E+00,-236.34648E-03
-575.00E-06,-1.24776631E+00,-236.34648E-03
-550.00E-06,-1.22128390E+00,-236.34648E-03
-525.00E-06,-1.15897235E+00,-236.34648E-03
-500.00E-06,-1.09821858E+00,-228.46708E-03
-475.00E-06,-1.07329395E+00,-236.34648E-03
-450.00E-06,-1.02032913E+00,-236.34648E-03
-425.00E-06,-973.59546E-03,-232.40678E-03
-400.00E-06,-947.11305E-03,-236.34648E-03
-375.00E-06,-873.89697E-03,-231.91432E-03
-350.00E-06,-822.48994E-03,-236.34648E-03
-325.00E-06,-761.73617E-03,-231.91432E-03
-300.00E-06,-724.34923E-03,-244.22587E-03
-275.00E-06,-662.03768E-03,-236.34648E-03
-250.00E-06,-623.09295E-03,-236.34648E-03
-225.00E-06,-512.48994E-03,-236.34648E-03
-200.00E-06,-451.73617E-03,-236.34648E-03
-175.00E-06,-425.25376E-03,-236.34648E-03
-150.00E-06,-327.11306E-03,-236.34648E-03
-125.00E-06,-275.70602E-03,-236.34648E-03
-100.00E-06,-225.85678E-03,-236.34648E-03
-75.00E-06,-151.08291E-03,-236.34648E-03
-50.00E-06,-101.23366E-03,-228.46708E-03
-25.00E-06,-13.99748E-03,-232.40678E-03
-0.0E+00,+48.31407E-03,-236.34648E-03
+25.00E-06,+110.62563E-03,-232.40678E-03
+50.00E-06,+172.93719E-03,-235.85402E-03
+75.00E-06,+247.71106E-03,-236.34648E-03
+100.00E-06,+320.92714E-03,-236.34648E-03
+125.00E-06,+384.79648E-03,-236.34648E-03
+150.00E-06,+422.18342E-03,-235.85402E-03
+175.00E-06,+507.86181E-03,-236.83894E-03
+200.00E-06,+570.17336E-03,-236.34648E-03
+225.00E-06,+621.58040E-03,-236.34648E-03
+250.00E-06,+671.42965E-03,-228.46708E-03
+275.00E-06,+746.20351E-03,-236.34648E-03
+300.00E-06,+820.97738E-03,-236.34648E-03
+325.00E-06,+883.28894E-03,-236.34648E-03
+350.00E-06,+945.60050E-03,-236.34648E-03
+375.00E-06,+956.50502E-03,-232.40678E-03
+400.00E-06,+970.52512E-03,-235.85402E-03
+425.00E-06,+995.44974E-03,-236.34648E-03
+450.00E-06,+970.52512E-03,-243.73341E-03
+475.00E-06,+982.98743E-03,-236.34648E-03
+500.00E-06,+995.44974E-03,-236.34648E-03
+525.00E-06,+1.00791205E+00,-236.34648E-03
+550.00E-06,+995.44974E-03,-235.85402E-03
+575.00E-06,+1.00791205E+00,-236.34648E-03
+600.00E-06,+1.02037437E+00,-228.46708E-03
+625.00E-06,+995.44974E-03,-236.34648E-03
+650.00E-06,+1.04529899E+00,-235.85402E-03
+675.00E-06,+1.03283668E+00,-236.34648E-03
+700.00E-06,+1.04529899E+00,-236.34648E-03
+725.00E-06,+1.05620351E+00,-236.34648E-03
+750.00E-06,+1.09203266E+00,-228.46708E-03
+775.00E-06,+1.04218341E+00,-236.34648E-03
+800.00E-06,+671.42965E-03,-236.34648E-03
+825.00E-06,+458.01256E-03,-239.79371E-03
+850.00E-06,+269.52010E-03,-236.34648E-03
+875.00E-06,+59.21860E-03,-236.34648E-03
+900.00E-06,-152.64070E-03,-235.85402E-03
+925.00E-06,-339.57537E-03,-231.91432E-03
+950.00E-06,-526.51004E-03,-236.34648E-03
+975.00E-06,-711.88692E-03,-231.91432E-03
+1.00000E-03,-898.82159E-03,-236.34648E-03
+1.02500E-03,-1.08575627E+00,-236.34648E-03
+1.05000E-03,-1.22284169E+00,-228.46708E-03
+1.07500E-03,-1.38485174E+00,-236.34648E-03
+1.10000E-03,-1.44716330E+00,-236.34648E-03
+1.12500E-03,-1.47208792E+00,-236.34648E-03
+1.15000E-03,-1.47208792E+00,-236.34648E-03
+1.17500E-03,-1.49701254E+00,-231.91432E-03
+1.20000E-03,-1.49701254E+00,-228.46708E-03
+1.22500E-03,-1.49701254E+00,-231.91432E-03
+1.25000E-03,-1.49701254E+00,-236.34648E-03
+1.27500E-03,-1.52193717E+00,-236.34648E-03
+1.30000E-03,-1.47208792E+00,-236.34648E-03
+1.32500E-03,-1.50947485E+00,-231.91432E-03
+1.35000E-03,-1.49701254E+00,-235.85402E-03
+1.37500E-03,-1.50791707E+00,-236.34648E-03
+1.40000E-03,-1.47208792E+00,-236.34648E-03
+1.42500E-03,-1.44716330E+00,-236.34648E-03
+1.45000E-03,-1.39731405E+00,-236.34648E-03
+1.47500E-03,-1.35836933E+00,-239.79371E-03
+1.50000E-03,-1.29761556E+00,-236.34648E-03
+1.52500E-03,-1.27269094E+00,-236.34648E-03
+1.55000E-03,-1.22128390E+00,-236.34648E-03
+1.57500E-03,-1.17299245E+00,-232.40678E-03
+1.60000E-03,-1.12314320E+00,-236.34648E-03
+1.62500E-03,-1.07329395E+00,-236.34648E-03
+1.65000E-03,-1.02188692E+00,-228.46708E-03
+1.67500E-03,-986.05777E-03,-239.79371E-03
+1.70000E-03,-947.11305E-03,-236.34648E-03
+1.72500E-03,-884.80149E-03,-231.91432E-03
+1.75000E-03,-824.04773E-03,-236.34648E-03
+1.77500E-03,-786.66079E-03,-236.34648E-03
+1.80000E-03,-747.71607E-03,-228.95954E-03
+1.82500E-03,-674.49999E-03,-236.34648E-03
+1.85000E-03,-624.65074E-03,-236.34648E-03
+1.87500E-03,-549.87687E-03,-236.34648E-03
+1.90000E-03,-475.10301E-03,-236.34648E-03
+1.92500E-03,-412.79145E-03,-236.34648E-03
+1.95000E-03,-352.03768E-03,-236.34648E-03
+1.97500E-03,-300.63065E-03,-231.91432E-03
+2.00000E-03,-225.85678E-03,-236.34648E-03
+2.02500E-03,-176.00753E-03,-236.83894E-03
+2.05000E-03,-101.23366E-03,-236.34648E-03
+2.07500E-03,-38.92211E-03,-236.34648E-03
+2.10000E-03,+23.38945E-03,-228.46708E-03
+2.12500E-03,+74.79649E-03,-236.34648E-03
+2.15000E-03,+171.37940E-03,-228.46708E-03
+2.17500E-03,+235.24875E-03,-236.34648E-03
+2.20000E-03,+272.63568E-03,-228.46708E-03
+2.22500E-03,+359.87186E-03,-236.34648E-03
+2.25000E-03,+397.25879E-03,-236.34648E-03
+2.27500E-03,+472.03266E-03,-236.34648E-03
+2.30000E-03,+545.24874E-03,-236.34648E-03
+2.32500E-03,+582.63568E-03,-236.34648E-03
+2.35000E-03,+646.50502E-03,-236.34648E-03
+2.37500E-03,+746.20351E-03,-232.40678E-03
+2.40000E-03,+771.12814E-03,-236.34648E-03
+2.42500E-03,+870.82663E-03,-232.40678E-03
+2.45000E-03,+895.75125E-03,-235.85402E-03
+2.47500E-03,+945.60050E-03,-236.34648E-03
+2.50000E-03,+993.89195E-03,-228.46708E-03
+2.52500E-03,+995.44974E-03,-236.34648E-03
+2.55000E-03,+970.52512E-03,-236.34648E-03
+2.57500E-03,+970.52512E-03,-231.91432E-03
+2.60000E-03,+995.44974E-03,-235.85402E-03
+2.62500E-03,+995.44974E-03,-244.22587E-03
+2.65000E-03,+995.44974E-03,-243.73341E-03
+2.67500E-03,+1.02037437E+00,-239.79371E-03
+2.70000E-03,+995.44974E-03,-235.85402E-03
+2.72500E-03,+1.03127889E+00,-232.40678E-03
+2.75000E-03,+1.06710803E+00,-228.46708E-03
+2.77500E-03,+1.04529899E+00,-236.34648E-03
+2.80000E-03,+1.04529899E+00,-236.34648E-03
+2.82500E-03,+1.04529899E+00,-236.34648E-03
+2.85000E-03,+1.07022361E+00,-236.34648E-03
+2.87500E-03,+1.07022361E+00,-236.34648E-03
+2.90000E-03,+744.64572E-03,-228.46708E-03
+2.92500E-03,+546.80653E-03,-236.34648E-03
+2.95000E-03,+297.56030E-03,-236.34648E-03
+2.97500E-03,+123.08794E-03,-232.40678E-03
+3.00000E-03,-77.86683E-03,-228.46708E-03
+3.02500E-03,-303.74622E-03,-231.91432E-03
+3.05000E-03,-450.17838E-03,-236.34648E-03
+3.07500E-03,-649.57537E-03,-236.34648E-03
+3.10000E-03,-848.97235E-03,-228.46708E-03
+3.12500E-03,-1.02344471E+00,-236.34648E-03
+3.15000E-03,-1.19791707E+00,-235.85402E-03
+3.17500E-03,-1.32254018E+00,-236.34648E-03
+3.20000E-03,-1.44716330E+00,-236.34648E-03
+3.22500E-03,-1.47208792E+00,-236.34648E-03
+3.25000E-03,-1.49701254E+00,-243.73341E-03
+3.27500E-03,-1.49701254E+00,-236.34648E-03
+3.30000E-03,-1.47208792E+00,-228.46708E-03
+3.32500E-03,-1.50791707E+00,-236.34648E-03
+3.35000E-03,-1.49701254E+00,-236.34648E-03
+3.37500E-03,-1.48455023E+00,-236.34648E-03
+3.40000E-03,-1.49701254E+00,-236.34648E-03
+3.42500E-03,-1.48299244E+00,-236.34648E-03
+3.45000E-03,-1.49701254E+00,-236.34648E-03
+3.47500E-03,-1.48455023E+00,-236.34648E-03
+3.50000E-03,-1.49701254E+00,-236.34648E-03
+3.52500E-03,-1.43314320E+00,-236.34648E-03
+3.55000E-03,-1.42068089E+00,-236.34648E-03
+3.57500E-03,-1.37238943E+00,-232.40678E-03
+3.60000E-03,-1.32098239E+00,-236.34648E-03
+3.62500E-03,-1.25867084E+00,-232.40678E-03
+3.65000E-03,-1.22284169E+00,-228.46708E-03
+3.67500E-03,-1.16987687E+00,-236.34648E-03
+3.70000E-03,-1.14651003E+00,-236.34648E-03
+3.72500E-03,-1.08419848E+00,-236.34648E-03
+3.75000E-03,-1.04836933E+00,-243.24095E-03
+3.77500E-03,-998.52009E-03,-231.91432E-03
+3.80000E-03,-947.11305E-03,-236.34648E-03
+3.82500E-03,-898.82159E-03,-236.34648E-03
+3.85000E-03,-872.33918E-03,-236.34648E-03
+3.87500E-03,-810.02763E-03,-236.34648E-03
+3.90000E-03,-747.71607E-03,-228.46708E-03
+3.92500E-03,-674.49999E-03,-232.40678E-03
+3.95000E-03,-626.20853E-03,-236.34648E-03
+3.97500E-03,-562.33919E-03,-236.34648E-03
+4.00000E-03,-524.95225E-03,-228.46708E-03
+4.02500E-03,-425.25376E-03,-236.34648E-03
+4.05000E-03,-400.32914E-03,-236.34648E-03
+4.07500E-03,-314.65075E-03,-236.34648E-03
+4.10000E-03,-250.78140E-03,-236.34648E-03
+4.12500E-03,-188.46984E-03,-236.34648E-03
+4.15000E-03,-101.23366E-03,-228.46708E-03
+4.17500E-03,-63.84673E-03,-232.40678E-03
+4.20000E-03,-1.53517E-03,-236.34648E-03
+4.22500E-03,+35.85176E-03,-232.40678E-03
+4.25000E-03,+123.08794E-03,-236.34648E-03
+4.27500E-03,+197.86181E-03,-231.91432E-03
+4.30000E-03,+247.71106E-03,-236.34648E-03
+4.32500E-03,+334.94724E-03,-236.34648E-03
+4.35000E-03,+397.25879E-03,-236.34648E-03
+4.37500E-03,+459.57035E-03,-236.34648E-03
+4.40000E-03,+496.95729E-03,-236.34648E-03
+4.42500E-03,+571.73115E-03,-236.34648E-03
+4.45000E-03,+646.50502E-03,-236.34648E-03
+4.47500E-03,+707.25879E-03,-236.34648E-03
+4.50000E-03,+771.12814E-03,-228.46708E-03
+4.52500E-03,+831.88190E-03,-231.91432E-03
+4.55000E-03,+895.75125E-03,-228.46708E-03
+4.57500E-03,+931.58040E-03,-236.34648E-03
+4.60000E-03,+945.60050E-03,-236.34648E-03
+4.62500E-03,+970.52512E-03,-232.40678E-03
+4.65000E-03,+995.44974E-03,-228.46708E-03
+4.67500E-03,+995.44974E-03,-232.40678E-03
+4.70000E-03,+995.44974E-03,-236.34648E-03
+4.72500E-03,+992.33416E-03,-236.34648E-03
+4.75000E-03,+995.44974E-03,-235.85402E-03
+4.77500E-03,+1.00791205E+00,-236.34648E-03
+4.80000E-03,+1.01881658E+00,-243.73341E-03
+4.82500E-03,+1.00635426E+00,-231.91432E-03
+4.85000E-03,+1.04374120E+00,-236.34648E-03
+4.87500E-03,+1.03283668E+00,-236.34648E-03
+4.90000E-03,+1.04529899E+00,-235.85402E-03
+4.92500E-03,+1.07022361E+00,-236.34648E-03
+4.95000E-03,+1.04529899E+00,-235.85402E-03
+4.97500E-03,+1.05776130E+00,-231.91432E-03
+5.00000E-03,+817.86180E-03,-235.85402E-03
+5.02500E-03,+593.54020E-03,-236.34648E-03
+5.05000E-03,+372.33417E-03,-235.85402E-03
+5.07500E-03,+185.39950E-03,-231.91432E-03
+5.10000E-03,-28.01758E-03,-235.85402E-03
+5.12500E-03,-250.78140E-03,-236.34648E-03
+5.15000E-03,-401.88693E-03,-236.34648E-03
+5.17500E-03,-638.67084E-03,-236.34648E-03
+5.20000E-03,-797.56531E-03,-235.85402E-03
+5.22500E-03,-975.15325E-03,-236.34648E-03
+5.25000E-03,-1.14806782E+00,-236.34648E-03
+5.27500E-03,-1.28515325E+00,-236.34648E-03
+5.30000E-03,-1.42223867E+00,-236.34648E-03
+5.32500E-03,-1.47208792E+00,-236.34648E-03
+5.35000E-03,-1.47208792E+00,-236.34648E-03
+5.37500E-03,-1.49701254E+00,-236.34648E-03
+5.40000E-03,-1.49701254E+00,-236.34648E-03
+5.42500E-03,-1.49701254E+00,-236.34648E-03
+5.45000E-03,-1.49701254E+00,-235.85402E-03
+5.47500E-03,-1.50947485E+00,-231.91432E-03
+5.50000E-03,-1.49701254E+00,-236.34648E-03
+5.52500E-03,-1.50791707E+00,-236.34648E-03
+5.55000E-03,-1.49701254E+00,-236.34648E-03
+5.57500E-03,-1.49701254E+00,-232.40678E-03
+5.60000E-03,-1.49701254E+00,-236.34648E-03
+5.62500E-03,-1.47208792E+00,-232.40678E-03
+5.65000E-03,-1.42068089E+00,-236.34648E-03
+5.67500E-03,-1.37238943E+00,-236.34648E-03
+5.70000E-03,-1.34746481E+00,-228.46708E-03
+5.72500E-03,-1.28359546E+00,-236.34648E-03
+5.75000E-03,-1.22284169E+00,-236.34648E-03
+5.77500E-03,-1.19791707E+00,-236.34648E-03
+5.80000E-03,-1.12314320E+00,-236.34648E-03
+5.82500E-03,-1.09510300E+00,-232.40678E-03
+5.85000E-03,-1.04681154E+00,-236.34648E-03
+5.87500E-03,-1.00942461E+00,-232.40678E-03
+5.90000E-03,-972.03767E-03,-236.34648E-03
+5.92500E-03,-911.28391E-03,-239.79371E-03
+5.95000E-03,-872.33918E-03,-236.34648E-03
+5.97500E-03,-810.02763E-03,-236.34648E-03
+6.00000E-03,-747.71607E-03,-236.34648E-03
+6.02500E-03,-685.40451E-03,-231.91432E-03
+6.05000E-03,-649.57537E-03,-236.34648E-03
+6.07500E-03,-574.80150E-03,-236.34648E-03
+6.10000E-03,-548.31909E-03,-235.85402E-03
+6.12500E-03,-462.64069E-03,-236.34648E-03
+6.15000E-03,-400.32914E-03,-236.34648E-03
+6.17500E-03,-314.65075E-03,-236.34648E-03
+6.20000E-03,-275.70602E-03,-236.34648E-03
+6.22500E-03,-199.37437E-03,-236.34648E-03
+6.25000E-03,-151.08291E-03,-236.34648E-03
+6.27500E-03,-76.30904E-03,-236.34648E-03
+6.30000E-03,-51.38442E-03,-236.34648E-03
+6.32500E-03,+48.31407E-03,-236.34648E-03
+6.35000E-03,+123.08794E-03,-236.34648E-03
+6.37500E-03,+185.39950E-03,-236.34648E-03
+6.40000E-03,+246.15327E-03,-236.34648E-03
+6.42500E-03,+297.56030E-03,-231.91432E-03
+6.45000E-03,+372.33417E-03,-236.34648E-03
+6.47500E-03,+447.10804E-03,-236.34648E-03
+6.50000E-03,+496.95729E-03,-236.34648E-03
+6.52500E-03,+571.73115E-03,-231.91432E-03
+6.55000E-03,+644.94723E-03,-236.34648E-03
+6.57500E-03,+696.35427E-03,-236.34648E-03
+6.60000E-03,+771.12814E-03,-228.46708E-03
+6.62500E-03,+820.97738E-03,-236.34648E-03
+6.65000E-03,+894.19346E-03,-236.34648E-03
+6.67500E-03,+933.13819E-03,-236.34648E-03
+6.70000E-03,+970.52512E-03,-236.34648E-03
+6.72500E-03,+981.42964E-03,-236.34648E-03
+6.75000E-03,+970.52512E-03,-236.34648E-03
+6.77500E-03,+981.42964E-03,-236.34648E-03
+6.80000E-03,+995.44974E-03,-236.34648E-03
+6.82500E-03,+1.00635426E+00,-236.34648E-03
+6.85000E-03,+995.44974E-03,-228.46708E-03
+6.87500E-03,+1.01725879E+00,-236.34648E-03
+6.90000E-03,+1.01881658E+00,-235.85402E-03
+6.92500E-03,+1.02037437E+00,-231.91432E-03
+6.95000E-03,+1.02037437E+00,-236.34648E-03
+6.97500E-03,+1.03283668E+00,-239.79371E-03
+7.00000E-03,+1.02037437E+00,-236.34648E-03
+7.02500E-03,+1.03283668E+00,-236.34648E-03
+7.05000E-03,+1.04529899E+00,-236.34648E-03
+7.07500E-03,+1.07022361E+00,-232.40678E-03
+7.10000E-03,+920.67587E-03,-235.85402E-03
+7.12500E-03,+646.50502E-03,-232.40678E-03
+7.15000E-03,+422.18342E-03,-235.85402E-03
+7.17500E-03,+208.76633E-03,-231.91432E-03
+7.20000E-03,+21.83166E-03,-235.85402E-03
+7.22500E-03,-188.46984E-03,-236.34648E-03
+7.25000E-03,-350.47989E-03,-236.34648E-03
+7.27500E-03,-537.41456E-03,-232.40678E-03
+7.30000E-03,-747.71607E-03,-236.34648E-03
+7.32500E-03,-948.67084E-03,-236.34648E-03
+7.35000E-03,-1.09821858E+00,-236.34648E-03
+7.37500E-03,-1.24776631E+00,-228.46708E-03
+7.40000E-03,-1.42223867E+00,-236.34648E-03
+7.42500E-03,-1.45806782E+00,-236.34648E-03
+7.45000E-03,-1.44716330E+00,-228.46708E-03
+7.47500E-03,-1.47364571E+00,-236.34648E-03
+7.50000E-03,-1.47208792E+00,-236.34648E-03
+7.52500E-03,-1.49701254E+00,-231.91432E-03
+7.55000E-03,-1.49701254E+00,-236.34648E-03
+7.57500E-03,-1.48299244E+00,-228.46708E-03
+7.60000E-03,-1.49701254E+00,-228.46708E-03
+7.62500E-03,-1.49701254E+00,-228.46708E-03
+7.65000E-03,-1.52037938E+00,-236.34648E-03
+7.67500E-03,-1.52193717E+00,-232.40678E-03
+7.70000E-03,-1.49701254E+00,-228.46708E-03
+7.72500E-03,-1.47208792E+00,-232.40678E-03
+7.75000E-03,-1.44716330E+00,-228.46708E-03
+7.77500E-03,-1.39731405E+00,-232.40678E-03
+7.80000E-03,-1.36927385E+00,-228.46708E-03
+7.82500E-03,-1.29761556E+00,-228.46708E-03
+7.85000E-03,-1.27113315E+00,-228.46708E-03
+7.87500E-03,-1.20882159E+00,-228.46708E-03
+7.90000E-03,-1.12314320E+00,+244.29673E-03
+7.92500E-03,-1.12314320E+00,+248.23643E-03
+7.95000E-03,-1.09821858E+00,+251.68367E-03
+7.97500E-03,-1.08419848E+00,+247.74397E-03
+8.00000E-03,-1.02344471E+00,+244.29673E-03
+8.02500E-03,-1.02344471E+00,+247.74397E-03
+8.05000E-03,-973.59546E-03,+252.17613E-03
+8.07500E-03,-948.67084E-03,+244.29673E-03
+8.10000E-03,-898.82159E-03,+251.68367E-03
+8.12500E-03,-873.89697E-03,+247.74397E-03
+8.15000E-03,-847.41456E-03,+244.29673E-03
+8.17500E-03,-785.10300E-03,+252.17613E-03
+8.20000E-03,-749.27386E-03,+252.17613E-03
+8.22500E-03,-699.42461E-03,+252.17613E-03
+8.25000E-03,-674.49999E-03,+251.68367E-03
+8.27500E-03,-627.76632E-03,+244.29673E-03
+8.30000E-03,-599.72612E-03,+251.68367E-03
+8.32500E-03,-549.87687E-03,+247.74397E-03
+8.35000E-03,-500.02763E-03,+244.29673E-03
+8.37500E-03,-448.62059E-03,+252.17613E-03
+8.40000E-03,-425.25376E-03,+244.29673E-03
+8.42500E-03,-375.40451E-03,+244.29673E-03
+8.45000E-03,-323.99748E-03,+252.17613E-03
+8.47500E-03,-264.80150E-03,+252.17613E-03
+8.50000E-03,-202.48994E-03,+252.17613E-03
+8.52500E-03,-176.00753E-03,+252.17613E-03
+8.55000E-03,-149.52512E-03,+244.29673E-03
+8.57500E-03,-101.23366E-03,+248.23643E-03
+8.60000E-03,-51.38442E-03,+244.29673E-03
+8.62500E-03,+22.62E-06,+244.29673E-03
+8.65000E-03,+23.38945E-03,+252.17613E-03
+8.67500E-03,+59.21860E-03,+255.62337E-03
+8.70000E-03,+123.08794E-03,+251.68367E-03
+8.72500E-03,+148.01257E-03,+247.74397E-03
+8.75000E-03,+172.93719E-03,+244.29673E-03
+8.77500E-03,+233.69096E-03,+247.74397E-03
+8.80000E-03,+247.71106E-03,+244.29673E-03
+8.82500E-03,+283.54020E-03,+247.74397E-03
+8.85000E-03,+347.40955E-03,+244.29673E-03
+8.87500E-03,+372.33417E-03,+247.74397E-03
+8.90000E-03,+397.25879E-03,+244.29673E-03
+8.92500E-03,+458.01256E-03,+248.23643E-03
+8.95000E-03,+472.03266E-03,+244.29673E-03
+8.97500E-03,+482.93718E-03,+252.17613E-03
+9.00000E-03,+496.95729E-03,+244.29673E-03
+9.02500E-03,+509.41960E-03,+252.17613E-03
+9.05000E-03,+496.95729E-03,+252.17613E-03
+9.07500E-03,+496.95729E-03,+247.74397E-03
+9.10000E-03,+472.03266E-03,+244.29673E-03
+9.12500E-03,+458.01256E-03,+247.74397E-03
+9.15000E-03,+422.18342E-03,+244.29673E-03
+9.17500E-03,+397.25879E-03,+248.23643E-03
+9.20000E-03,+347.40955E-03,+252.17613E-03
+9.22500E-03,+308.46483E-03,+248.23643E-03
+9.25000E-03,+246.15327E-03,+251.19121E-03
+9.27500E-03,+185.39950E-03,+248.23643E-03
+9.30000E-03,+123.08794E-03,+244.29673E-03
+9.32500E-03,+84.14322E-03,+244.29673E-03
+9.35000E-03,+45.19850E-03,+244.29673E-03
+9.37500E-03,-51.38442E-03,+248.23643E-03
+9.40000E-03,-102.79145E-03,+252.17613E-03
+9.42500E-03,-176.00753E-03,+244.29673E-03
+9.45000E-03,-200.93215E-03,+244.29673E-03
+9.47500E-03,-289.72612E-03,+244.29673E-03
+9.50000E-03,-325.55527E-03,+251.68367E-03
+9.52500E-03,-389.42461E-03,+247.74397E-03
+9.55000E-03,-425.25376E-03,+244.29673E-03
+9.57500E-03,-464.19848E-03,+252.17613E-03
+9.60000E-03,-500.02763E-03,+251.68367E-03
+9.62500E-03,-537.41456E-03,+252.17613E-03
+9.65000E-03,-549.87687E-03,+251.68367E-03
+9.67500E-03,-574.80150E-03,+244.29673E-03
+9.70000E-03,-599.72612E-03,+251.68367E-03
+9.72500E-03,-599.72612E-03,+247.74397E-03
+9.75000E-03,-623.09295E-03,+244.78920E-03
+9.77500E-03,-624.65074E-03,+247.74397E-03
+9.80000E-03,-624.65074E-03,+244.29673E-03
+9.82500E-03,-587.26381E-03,+252.17613E-03
+9.85000E-03,-551.43466E-03,+251.68367E-03
+9.87500E-03,-562.33919E-03,+252.17613E-03
+9.90000E-03,-524.95225E-03,+244.29673E-03
+9.92500E-03,-487.56532E-03,+244.29673E-03
+9.95000E-03,-475.10301E-03,+252.17613E-03
+9.97500E-03,-437.71607E-03,+248.23643E-03
+10.00000E-03,-400.32914E-03,+251.68367E-03
+10.02500E-03,-362.94220E-03,+252.17613E-03
+10.05000E-03,-348.92210E-03,+244.29673E-03
+10.07500E-03,-250.78140E-03,+248.23643E-03
+10.10000E-03,-250.78140E-03,+244.29673E-03
+10.12500E-03,-190.02763E-03,+248.23643E-03
+10.15000E-03,-127.71607E-03,+251.68367E-03
+10.17500E-03,-140.17839E-03,+240.35703E-03
+10.20000E-03,-29.57537E-03,+252.17613E-03
+10.22500E-03,-26.45979E-03,+252.17613E-03
+10.25000E-03,+21.83166E-03,+244.29673E-03
+10.27500E-03,+35.85176E-03,+247.74397E-03
+10.30000E-03,+73.23870E-03,+244.29673E-03
+10.32500E-03,+109.06784E-03,+252.17613E-03
+10.35000E-03,+148.01257E-03,+244.29673E-03
+10.37500E-03,+207.20854E-03,+248.23643E-03
+10.40000E-03,+222.78643E-03,+244.29673E-03
+10.42500E-03,+285.09799E-03,+252.17613E-03
+10.45000E-03,+274.19347E-03,+251.68367E-03
+10.47500E-03,+319.36935E-03,+244.29673E-03
+10.50000E-03,+372.33417E-03,+244.29673E-03
+10.52500E-03,+372.33417E-03,+244.29673E-03
+10.55000E-03,+397.25879E-03,+244.29673E-03
+10.57500E-03,+422.18342E-03,+252.66859E-03
+10.60000E-03,+445.55025E-03,+251.68367E-03
+10.62500E-03,+434.64573E-03,+248.23643E-03
+10.65000E-03,+422.18342E-03,+251.68367E-03
+10.67500E-03,+408.16332E-03,+252.17613E-03
+10.70000E-03,+397.25879E-03,+244.29673E-03
+10.72500E-03,+358.31407E-03,+248.23643E-03
+10.75000E-03,+345.85176E-03,+252.17613E-03
+10.77500E-03,+297.56030E-03,+244.29673E-03
+10.80000E-03,+247.71106E-03,+244.29673E-03
+10.82500E-03,+222.78643E-03,+248.23643E-03
+10.85000E-03,+172.93719E-03,+251.68367E-03
+10.87500E-03,+124.64573E-03,+252.17613E-03
+10.90000E-03,+48.31407E-03,+244.29673E-03
+10.92500E-03,-4.65075E-03,+248.23643E-03
+10.95000E-03,-26.45979E-03,+244.29673E-03
+10.97500E-03,-88.77135E-03,+248.23643E-03
+11.00000E-03,-127.71607E-03,+252.17613E-03
+11.02500E-03,-190.02763E-03,+252.17613E-03
+11.05000E-03,-250.78140E-03,+251.68367E-03
+11.07500E-03,-289.72612E-03,+248.23643E-03
+11.10000E-03,-325.55527E-03,+252.17613E-03
+11.12500E-03,-375.40451E-03,+247.74397E-03
+11.15000E-03,-425.25376E-03,+252.17613E-03
+11.17500E-03,-425.25376E-03,+252.17613E-03
+11.20000E-03,-426.81155E-03,+244.29673E-03
+11.22500E-03,-489.12311E-03,+252.17613E-03
+11.25000E-03,-500.02763E-03,+244.29673E-03
+11.27500E-03,-514.04773E-03,+252.17613E-03
+11.30000E-03,-524.95225E-03,+251.68367E-03
+11.32500E-03,-549.87687E-03,+247.74397E-03
+11.35000E-03,-524.95225E-03,+244.29673E-03
+11.37500E-03,-524.95225E-03,+244.29673E-03
+11.40000E-03,-500.02763E-03,+244.29673E-03
+11.42500E-03,-498.46984E-03,+248.23643E-03
+11.45000E-03,-500.02763E-03,+244.29673E-03
+11.47500E-03,-450.17838E-03,+248.23643E-03
+11.50000E-03,-450.17838E-03,+244.29673E-03
+11.52500E-03,-398.77135E-03,+244.29673E-03
+11.55000E-03,-350.47989E-03,+244.29673E-03
+11.57500E-03,-325.55527E-03,+248.23643E-03
+11.60000E-03,-300.63065E-03,+244.29673E-03
+11.62500E-03,-250.78140E-03,+244.29673E-03
+11.65000E-03,-200.93215E-03,+244.29673E-03
+11.67500E-03,-163.54522E-03,+248.23643E-03
+11.70000E-03,-151.08291E-03,+252.17613E-03
+11.72500E-03,-90.32914E-03,+252.17613E-03
+11.75000E-03,-76.30904E-03,+244.29673E-03
+11.77500E-03,-26.45979E-03,+248.23643E-03
+11.80000E-03,+21.83166E-03,+244.29673E-03
+11.82500E-03,+48.31407E-03,+248.23643E-03
+11.85000E-03,+98.16332E-03,+244.29673E-03
+11.87500E-03,+148.01257E-03,+244.29673E-03
+11.90000E-03,+172.93719E-03,+251.68367E-03
+11.92500E-03,+197.86181E-03,+252.17613E-03
+11.95000E-03,+247.71106E-03,+251.19121E-03
+11.97500E-03,+285.09799E-03,+244.29673E-03
+12.00000E-03,+297.56030E-03,+251.68367E-03
+12.02500E-03,+333.38945E-03,+252.17613E-03
+12.05000E-03,+347.40955E-03,+244.29673E-03
+12.07500E-03,+397.25879E-03,+248.23643E-03
+12.10000E-03,+397.25879E-03,+251.68367E-03
+12.12500E-03,+384.79648E-03,+244.29673E-03
+12.15000E-03,+397.25879E-03,+244.29673E-03
+12.17500E-03,+422.18342E-03,+247.74397E-03
+12.20000E-03,+397.25879E-03,+252.17613E-03
+12.22500E-03,+384.79648E-03,+248.23643E-03
+12.25000E-03,+347.40955E-03,+244.29673E-03
+12.27500E-03,+333.38945E-03,+244.29673E-03
+12.30000E-03,+297.56030E-03,+252.17613E-03
+12.32500E-03,+260.17337E-03,+247.74397E-03
+12.35000E-03,+222.78643E-03,+244.29673E-03
+12.37500E-03,+172.93719E-03,+247.74397E-03
+12.40000E-03,+148.01257E-03,+236.90980E-03
+12.42500E-03,+109.06784E-03,+248.23643E-03
+12.45000E-03,+46.75629E-03,+244.29673E-03
+12.47500E-03,-13.99748E-03,+244.29673E-03
+12.50000E-03,-76.30904E-03,+251.68367E-03
+12.52500E-03,-101.23366E-03,+248.23643E-03
+12.55000E-03,-176.00753E-03,+244.29673E-03
+12.57500E-03,-188.46984E-03,+247.74397E-03
+12.60000E-03,-250.78140E-03,+251.68367E-03
+12.62500E-03,-275.70602E-03,+252.17613E-03
+12.65000E-03,-325.55527E-03,+244.29673E-03
+12.67500E-03,-364.49999E-03,+252.17613E-03
+12.70000E-03,-400.32914E-03,+252.17613E-03
+12.72500E-03,-437.71607E-03,+240.35703E-03
+12.75000E-03,-426.81155E-03,+252.17613E-03
+12.77500E-03,-462.64069E-03,+247.74397E-03
+12.80000E-03,-478.21858E-03,+251.68367E-03
+12.82500E-03,-500.02763E-03,+248.23643E-03
+12.85000E-03,-501.58542E-03,+251.68367E-03
+12.87500E-03,-500.02763E-03,+247.74397E-03
+12.90000E-03,-500.02763E-03,+251.68367E-03
+12.92500E-03,-487.56532E-03,+248.23643E-03
+12.95000E-03,-500.02763E-03,+252.17613E-03
+12.97500E-03,-475.10301E-03,+252.17613E-03
+13.00000E-03,-475.10301E-03,+244.29673E-03
+13.02500E-03,-412.79145E-03,+248.23643E-03
+13.05000E-03,-400.32914E-03,+251.68367E-03
+13.07500E-03,-375.40451E-03,+252.17613E-03
+13.10000E-03,-327.11306E-03,+244.29673E-03
+13.12500E-03,-288.16833E-03,+248.23643E-03
+13.15000E-03,-275.70602E-03,+244.29673E-03
+13.17500E-03,-225.85678E-03,+252.17613E-03
+13.20000E-03,-200.93215E-03,+252.17613E-03
+13.22500E-03,-151.08291E-03,+244.29673E-03
+13.25000E-03,-126.15829E-03,+244.29673E-03
+13.27500E-03,-63.84673E-03,+244.29673E-03
+13.30000E-03,-26.45979E-03,+244.29673E-03
+13.32500E-03,+23.38945E-03,+247.74397E-03
+13.35000E-03,+48.31407E-03,+244.29673E-03
+13.37500E-03,+85.70101E-03,+248.23643E-03
+13.40000E-03,+123.08794E-03,+252.17613E-03
+13.42500E-03,+160.47488E-03,+252.17613E-03
+13.45000E-03,+172.93719E-03,+252.17613E-03
+13.47500E-03,+247.71106E-03,+252.17613E-03
+13.50000E-03,+247.71106E-03,+244.29673E-03
+13.52500E-03,+297.56030E-03,+247.74397E-03
+13.55000E-03,+322.48493E-03,+244.29673E-03
+13.57500E-03,+347.40955E-03,+248.23643E-03
+13.60000E-03,+395.70101E-03,+244.29673E-03
+13.62500E-03,+383.23869E-03,+244.29673E-03
+13.65000E-03,+397.25879E-03,+251.68367E-03
+13.67500E-03,+408.16332E-03,+252.17613E-03
+13.70000E-03,+397.25879E-03,+244.29673E-03
+13.72500E-03,+397.25879E-03,+247.74397E-03
+13.75000E-03,+347.40955E-03,+244.29673E-03
+13.77500E-03,+358.31407E-03,+244.29673E-03
+13.80000E-03,+347.40955E-03,+252.17613E-03
+13.82500E-03,+297.56030E-03,+247.74397E-03
+13.85000E-03,+271.07789E-03,+244.29673E-03
+13.87500E-03,+233.69096E-03,+247.74397E-03
+13.90000E-03,+196.30402E-03,+251.68367E-03
+13.92500E-03,+133.99247E-03,+247.74397E-03
+13.95000E-03,+96.60553E-03,+244.29673E-03
+13.97500E-03,+48.31407E-03,+244.29673E-03
+14.00000E-03,-3.09296E-03,+251.68367E-03
+14.02500E-03,-65.40452E-03,+248.23643E-03
+14.05000E-03,-102.79145E-03,+244.29673E-03
+14.07500E-03,-154.19849E-03,+244.29673E-03
+14.10000E-03,-200.93215E-03,+244.29673E-03
+14.12500E-03,-239.87688E-03,+248.23643E-03
+14.15000E-03,-275.70602E-03,+244.29673E-03
+14.17500E-03,-350.47989E-03,+247.74397E-03
+14.20000E-03,-375.40451E-03,+244.29673E-03
+14.22500E-03,-400.32914E-03,+247.74397E-03
+14.25000E-03,-425.25376E-03,+244.29673E-03
+14.27500E-03,-450.17838E-03,+247.74397E-03
+14.30000E-03,-451.73617E-03,+251.68367E-03
+14.32500E-03,-489.12311E-03,+252.17613E-03
+14.35000E-03,-500.02763E-03,+244.29673E-03
+14.37500E-03,-514.04773E-03,+252.17613E-03
+14.40000E-03,-524.95225E-03,+244.29673E-03
+14.42500E-03,-500.02763E-03,+248.23643E-03
+14.45000E-03,-500.02763E-03,+251.68367E-03
+14.47500E-03,-487.56532E-03,+252.17613E-03
+14.50000E-03,-500.02763E-03,+244.29673E-03
+14.52500E-03,-450.17838E-03,+252.17613E-03
+14.55000E-03,-425.25376E-03,+244.29673E-03
+14.57500E-03,-387.86683E-03,+248.23643E-03
+14.60000E-03,-375.40451E-03,+252.17613E-03
+14.62500E-03,-339.57537E-03,+248.23643E-03
+14.65000E-03,-302.18843E-03,+244.29673E-03
+14.67500E-03,-250.78140E-03,+244.29673E-03
+14.70000E-03,-225.85678E-03,+252.17613E-03
+14.72500E-03,-163.54522E-03,+252.17613E-03
+14.75000E-03,-151.08291E-03,+244.29673E-03
+14.77500E-03,-101.23366E-03,+248.23643E-03
+14.80000E-03,-77.86683E-03,+244.29673E-03
+14.82500E-03,-26.45979E-03,+255.62337E-03
+14.85000E-03,-1.53517E-03,+251.68367E-03
+14.87500E-03,+35.85176E-03,+248.23643E-03
+14.90000E-03,+73.23870E-03,+251.68367E-03
+14.92500E-03,+110.62563E-03,+252.17613E-03
+14.95000E-03,+148.01257E-03,+244.29673E-03
+14.97500E-03,+208.76633E-03,+252.17613E-03
+15.00000E-03,+222.78643E-03,+252.17613E-03
+15.02500E-03,+260.17337E-03,+248.23643E-03
+15.05000E-03,+297.56030E-03,+244.29673E-03
+15.07500E-03,+322.48493E-03,+247.74397E-03
+15.10000E-03,+347.40955E-03,+244.29673E-03
+15.12500E-03,+359.87186E-03,+252.17613E-03
+15.15000E-03,+395.70101E-03,+251.68367E-03
+15.17500E-03,+383.23869E-03,+248.23643E-03
+15.20000E-03,+397.25879E-03,+244.29673E-03
+15.22500E-03,+372.33417E-03,+247.74397E-03
+15.25000E-03,+395.70101E-03,+251.68367E-03
+15.27500E-03,+373.89196E-03,+248.23643E-03
+15.30000E-03,+347.40955E-03,+252.17613E-03
+15.32500E-03,+347.40955E-03,+252.17613E-03
+15.35000E-03,+272.63568E-03,+252.17613E-03
+15.37500E-03,+260.17337E-03,+244.29673E-03
+15.40000E-03,+222.78643E-03,+244.29673E-03
+15.42500E-03,+197.86181E-03,+252.17613E-03
+15.45000E-03,+148.01257E-03,+244.29673E-03
+15.47500E-03,+123.08794E-03,+247.74397E-03
+15.50000E-03,+48.31407E-03,+244.29673E-03
+15.52500E-03,+10.92714E-03,+244.29673E-03
+15.55000E-03,-51.38442E-03,+251.68367E-03
+15.57500E-03,-115.25376E-03,+247.74397E-03
+15.60000E-03,-129.27386E-03,+252.17613E-03
+15.62500E-03,-200.93215E-03,+244.29673E-03
+15.65000E-03,-250.78140E-03,+244.29673E-03
+15.67500E-03,-289.72612E-03,+252.17613E-03
+15.70000E-03,-327.11306E-03,+251.68367E-03
+15.72500E-03,-364.49999E-03,+248.23643E-03
+15.75000E-03,-376.96230E-03,+244.29673E-03
+15.77500E-03,-425.25376E-03,+248.23643E-03
+15.80000E-03,-475.10301E-03,+244.29673E-03
+15.82500E-03,-450.17838E-03,+248.23643E-03
+15.85000E-03,-475.10301E-03,+252.17613E-03
+15.87500E-03,-500.02763E-03,+252.17613E-03
+15.90000E-03,-500.02763E-03,+244.29673E-03
+15.92500E-03,-500.02763E-03,+252.17613E-03
+15.95000E-03,-501.58542E-03,+244.29673E-03
+15.97500E-03,-489.12311E-03,+248.23643E-03
+16.00000E-03,-475.10301E-03,+244.29673E-03
+16.02500E-03,-487.56532E-03,+244.29673E-03
+16.05000E-03,-451.73617E-03,+252.17613E-03
+16.07500E-03,-437.71607E-03,+247.74397E-03
+16.10000E-03,-400.32914E-03,+244.29673E-03
+16.12500E-03,-350.47989E-03,+247.74397E-03
+16.15000E-03,-325.55527E-03,+244.29673E-03
+16.17500E-03,-300.63065E-03,+244.29673E-03
+16.20000E-03,-275.70602E-03,+244.29673E-03
+16.22500E-03,-225.85678E-03,+244.29673E-03
+16.25000E-03,-200.93215E-03,+251.68367E-03
+16.27500E-03,-163.54522E-03,+248.23643E-03
+16.30000E-03,-101.23366E-03,+244.29673E-03
+16.32500E-03,-65.40452E-03,+244.29673E-03
+16.35000E-03,-28.01758E-03,+251.68367E-03
+16.37500E-03,+9.36935E-03,+252.17613E-03
+16.40000E-03,+46.75629E-03,+244.29673E-03
+16.42500E-03,+85.70101E-03,+252.17613E-03
+16.45000E-03,+123.08794E-03,+251.68367E-03
+16.47500E-03,+160.47488E-03,+248.23643E-03
+16.50000E-03,+221.22865E-03,+244.29673E-03
+16.52500E-03,+222.78643E-03,+252.17613E-03
+16.55000E-03,+247.71106E-03,+252.17613E-03
+16.57500E-03,+297.56030E-03,+247.74397E-03
+16.60000E-03,+297.56030E-03,+244.29673E-03
+16.62500E-03,+334.94724E-03,+244.29673E-03
+16.65000E-03,+372.33417E-03,+251.68367E-03
+16.67500E-03,+383.23869E-03,+252.17613E-03
+16.70000E-03,+397.25879E-03,+244.29673E-03
+16.72500E-03,+383.23869E-03,+244.29673E-03
+16.75000E-03,+420.62563E-03,+244.29673E-03
+16.77500E-03,+383.23869E-03,+247.74397E-03
+16.80000E-03,+394.14322E-03,+244.29673E-03
+16.82500E-03,+347.40955E-03,+248.23643E-03
+16.85000E-03,+322.48493E-03,+244.29673E-03
+16.87500E-03,+297.56030E-03,+244.78920E-03
+16.90000E-03,+271.07789E-03,+252.17613E-03
+16.92500E-03,+222.78643E-03,+247.74397E-03
+16.95000E-03,+172.93719E-03,+244.29673E-03
+16.97500E-03,+135.55025E-03,+244.29673E-03
+17.00000E-03,+98.16332E-03,+251.68367E-03
+17.02500E-03,+48.31407E-03,+248.23643E-03
+17.05000E-03,-1.53517E-03,+252.17613E-03
+17.07500E-03,-51.38442E-03,+248.23643E-03
+17.10000E-03,-102.79145E-03,+252.17613E-03
+17.12500E-03,-176.00753E-03,+248.23643E-03
+17.15000E-03,-200.93215E-03,+251.68367E-03
+17.17500E-03,-250.78140E-03,+248.23643E-03
+17.20000E-03,-277.26381E-03,+252.17613E-03
+17.22500E-03,-350.47989E-03,+248.23643E-03
+17.25000E-03,-375.40451E-03,+244.29673E-03
+17.27500E-03,-387.86683E-03,+247.74397E-03
+17.30000E-03,-401.88693E-03,+244.29673E-03
+17.32500E-03,-439.27386E-03,+252.17613E-03
+17.35000E-03,-450.17838E-03,+252.17613E-03
+17.37500E-03,-487.56532E-03,+248.23643E-03
+17.40000E-03,-500.02763E-03,+244.29673E-03
+17.42500E-03,-514.04773E-03,+244.29673E-03
+17.45000E-03,-475.10301E-03,+251.68367E-03
+17.47500E-03,-514.04773E-03,+247.74397E-03
+17.50000E-03,-476.66079E-03,+244.29673E-03
+17.52500E-03,-487.56532E-03,+248.23643E-03
+17.55000E-03,-451.73617E-03,+252.17613E-03
+17.57500E-03,-462.64069E-03,+252.17613E-03
+17.60000E-03,-425.25376E-03,+244.29673E-03
+17.62500E-03,-412.79145E-03,+248.23643E-03
+17.65000E-03,-375.40451E-03,+244.29673E-03
+17.67500E-03,-325.55527E-03,+252.17613E-03
+17.70000E-03,-275.70602E-03,+244.29673E-03
+17.72500E-03,-250.78140E-03,+244.29673E-03
+17.75000E-03,-225.85678E-03,+244.29673E-03
+17.77500E-03,-163.54522E-03,+244.29673E-03
+17.80000E-03,-126.15829E-03,+252.17613E-03
+17.82500E-03,-88.77135E-03,+247.74397E-03
+17.85000E-03,-76.30904E-03,+244.29673E-03
+17.87500E-03,-38.92211E-03,+244.29673E-03
+17.90000E-03,+23.38945E-03,+251.68367E-03
+17.92500E-03,+48.31407E-03,+244.29673E-03
+17.95000E-03,+98.16332E-03,+252.17613E-03
+17.97500E-03,+110.62563E-03,+247.74397E-03
+18.00000E-03,+171.37940E-03,+244.29673E-03
+18.02500E-03,+197.86181E-03,+244.29673E-03
+18.05000E-03,+222.78643E-03,+259.56306E-03
+18.07500E-03,+258.61558E-03,+244.29673E-03
+18.10000E-03,+272.63568E-03,+244.29673E-03
+18.12500E-03,+322.48493E-03,+252.17613E-03
+18.15000E-03,+347.40955E-03,+251.68367E-03
+18.17500E-03,+384.79648E-03,+247.74397E-03
+18.20000E-03,+397.25879E-03,+251.68367E-03
+18.22500E-03,+384.79648E-03,+248.23643E-03
+18.25000E-03,+397.25879E-03,+251.68367E-03
+18.27500E-03,+397.25879E-03,+247.74397E-03
+18.30000E-03,+395.70101E-03,+244.29673E-03
+18.32500E-03,+383.23869E-03,+247.74397E-03
+18.35000E-03,+370.77638E-03,+244.29673E-03
+18.37500E-03,+310.02261E-03,+248.23643E-03
+18.40000E-03,+296.00251E-03,+251.68367E-03
+18.42500E-03,+247.71106E-03,+248.23643E-03
+18.45000E-03,+222.78643E-03,+244.29673E-03
+18.47500E-03,+183.84171E-03,+252.17613E-03
+18.50000E-03,+146.45478E-03,+251.19121E-03
+18.52500E-03,+98.16332E-03,+252.17613E-03
+18.55000E-03,+23.38945E-03,+251.68367E-03
+18.57500E-03,-26.45979E-03,+252.17613E-03
+18.60000E-03,-52.94221E-03,+244.29673E-03
+18.62500E-03,-101.23366E-03,+244.29673E-03
+18.65000E-03,-151.08291E-03,+252.17613E-03
+18.67500E-03,-214.95225E-03,+248.23643E-03
+18.70000E-03,-227.41457E-03,+244.29673E-03
+18.72500E-03,-289.72612E-03,+247.74397E-03
+18.75000E-03,-327.11306E-03,+244.29673E-03
+18.77500E-03,-362.94220E-03,+244.29673E-03
+18.80000E-03,-400.32914E-03,+252.17613E-03
+18.82500E-03,-425.25376E-03,+244.29673E-03
+18.85000E-03,-450.17838E-03,+236.41734E-03
+18.87500E-03,-464.19848E-03,+247.74397E-03
+18.90000E-03,-475.10301E-03,+244.29673E-03
+18.92500E-03,-489.12311E-03,+248.23643E-03
+18.95000E-03,-523.39446E-03,+252.17613E-03
+18.97500E-03,-500.02763E-03,+247.74397E-03
+19.00000E-03,-476.66079E-03,+251.68367E-03
+19.02500E-03,-475.10301E-03,+244.29673E-03
+19.05000E-03,-500.02763E-03,+251.68367E-03
+19.07500E-03,-478.21858E-03,+252.17613E-03
+19.10000E-03,-450.17838E-03,+244.29673E-03
+19.12500E-03,-439.27386E-03,+247.74397E-03
+19.15000E-03,-375.40451E-03,+252.17613E-03
+19.17500E-03,-350.47989E-03,+256.11583E-03
+19.20000E-03,-325.55527E-03,+244.29673E-03
+19.22500E-03,-300.63065E-03,+248.23643E-03
+19.25000E-03,-250.78140E-03,+251.68367E-03
+19.27500E-03,-213.39447E-03,+247.74397E-03
+19.30000E-03,-176.00753E-03,+259.07060E-03
+19.32500E-03,-151.08291E-03,+244.29673E-03
+19.35000E-03,-101.23366E-03,+244.29673E-03
+19.37500E-03,-65.40452E-03,+248.23643E-03
+19.40000E-03,-3.09296E-03,+251.68367E-03
+19.42500E-03,-13.99748E-03,+252.17613E-03
+19.45000E-03,+48.31407E-03,+259.07060E-03
+19.47500E-03,+73.23870E-03,+248.23643E-03
+19.50000E-03,+148.01257E-03,+251.68367E-03
+19.52500E-03,+172.93719E-03,+248.23643E-03
+19.55000E-03,+222.78643E-03,+244.29673E-03
+19.57500E-03,+233.69096E-03,+252.17613E-03
+19.60000E-03,+272.63568E-03,+252.17613E-03
+19.62500E-03,+285.09799E-03,+248.23643E-03
+19.65000E-03,+345.85176E-03,+244.29673E-03
+19.67500E-03,+358.31407E-03,+244.29673E-03
+19.70000E-03,+372.33417E-03,+244.29673E-03
+19.72500E-03,+397.25879E-03,+247.74397E-03
+19.75000E-03,+419.06784E-03,+251.68367E-03
+19.77500E-03,+397.25879E-03,+252.17613E-03
+19.80000E-03,+395.70101E-03,+244.29673E-03
+19.82500E-03,+372.33417E-03,+244.29673E-03
+19.85000E-03,+372.33417E-03,+251.68367E-03
+19.87500E-03,+347.40955E-03,+244.29673E-03
+19.90000E-03,+322.48493E-03,+244.29673E-03
+19.92500E-03,+297.56030E-03,+248.23643E-03
+19.95000E-03,+272.63568E-03,+251.68367E-03
+19.97500E-03,+222.78643E-03,+247.74397E-03
+20.00000E-03,+172.93719E-03,+252.17613E-03
+20.02500E-03,+135.55025E-03,+247.74397E-03
+20.05000E-03,+96.60553E-03,+251.68367E-03
+20.07500E-03,+45.19850E-03,+252.17613E-03
+20.10000E-03,-26.45979E-03,+252.17613E-03
+20.12500E-03,-38.92211E-03,+244.29673E-03
+20.15000E-03,-126.15829E-03,+252.17613E-03
+20.17500E-03,-151.08291E-03,+244.29673E-03
+20.20000E-03,-225.85678E-03,+244.29673E-03
+20.22500E-03,-250.78140E-03,+248.23643E-03
+20.25000E-03,-278.82160E-03,+244.29673E-03
+20.27500E-03,-350.47989E-03,+248.23643E-03
+20.30000E-03,-375.40451E-03,+244.29673E-03
+20.32500E-03,-403.44472E-03,+247.74397E-03
+20.35000E-03,-425.25376E-03,+244.29673E-03
+20.37500E-03,-437.71607E-03,+244.29673E-03
+20.40000E-03,-500.02763E-03,+251.68367E-03
+20.42500E-03,-500.02763E-03,+244.29673E-03
+20.45000E-03,-500.02763E-03,+252.17613E-03
+20.47500E-03,-498.46984E-03,+247.74397E-03
+20.50000E-03,-500.02763E-03,+244.29673E-03
+20.52500E-03,-512.48994E-03,+247.74397E-03
+20.55000E-03,-500.02763E-03,+251.68367E-03
+20.57500E-03,-500.02763E-03,+248.23643E-03
+20.60000E-03,-475.10301E-03,+244.29673E-03
+20.62500E-03,-437.71607E-03,+252.17613E-03
+20.65000E-03,-448.62059E-03,+244.29673E-03
+20.67500E-03,-412.79145E-03,+248.23643E-03
+20.70000E-03,-350.47989E-03,+251.68367E-03
+20.72500E-03,-313.09296E-03,+248.23643E-03
+20.75000E-03,-275.70602E-03,+251.68367E-03
+20.77500E-03,-225.85678E-03,+247.74397E-03
+20.80000E-03,-202.48994E-03,+252.17613E-03
+20.82500E-03,-176.00753E-03,+247.74397E-03
+20.85000E-03,-126.15829E-03,+251.68367E-03
+20.87500E-03,-101.23366E-03,+247.74397E-03
+20.90000E-03,-51.38442E-03,+252.17613E-03
+20.92500E-03,-13.99748E-03,+252.17613E-03
+20.95000E-03,-1.53517E-03,+244.29673E-03
+20.97500E-03,+48.31407E-03,+247.74397E-03
+21.00000E-03,+73.23870E-03,+251.68367E-03
+21.02500E-03,+124.64573E-03,+248.23643E-03
+21.05000E-03,+148.01257E-03,+244.29673E-03
+21.07500E-03,+210.32412E-03,+248.23643E-03
+21.10000E-03,+222.78643E-03,+244.29673E-03
+21.12500E-03,+258.61558E-03,+244.29673E-03
+21.15000E-03,+272.63568E-03,+244.29673E-03
+21.17500E-03,+333.38945E-03,+247.74397E-03
+21.20000E-03,+347.40955E-03,+244.29673E-03
+21.22500E-03,+347.40955E-03,+244.29673E-03
+21.25000E-03,+395.70101E-03,+236.41734E-03
+21.27500E-03,+422.18342E-03,+244.29673E-03
+21.30000E-03,+372.33417E-03,+244.29673E-03
+21.32500E-03,+383.23869E-03,+244.29673E-03
+21.35000E-03,+372.33417E-03,+244.29673E-03
+21.37500E-03,+372.33417E-03,+247.74397E-03
+21.40000E-03,+347.40955E-03,+251.68367E-03
+21.42500E-03,+308.46483E-03,+247.74397E-03
+21.45000E-03,+272.63568E-03,+252.17613E-03
+21.47500E-03,+260.17337E-03,+252.17613E-03
+21.50000E-03,+244.59548E-03,+251.68367E-03
+21.52500E-03,+172.93719E-03,+244.29673E-03
+21.55000E-03,+146.45478E-03,+252.17613E-03
+21.57500E-03,+98.16332E-03,+248.23643E-03
+21.60000E-03,+48.31407E-03,+251.68367E-03
+21.62500E-03,-15.55527E-03,+252.17613E-03
+21.65000E-03,-51.38442E-03,+251.68367E-03
+21.67500E-03,-101.23366E-03,+248.23643E-03
+21.70000E-03,-176.00753E-03,+244.29673E-03
+21.72500E-03,-214.95225E-03,+247.74397E-03
+21.75000E-03,-250.78140E-03,+244.29673E-03
+21.77500E-03,-303.74622E-03,+252.17613E-03
+21.80000E-03,-302.18843E-03,+259.56306E-03
+21.82500E-03,-364.49999E-03,+244.29673E-03
+21.85000E-03,-425.25376E-03,+251.68367E-03
+21.87500E-03,-439.27386E-03,+252.17613E-03
+21.90000E-03,-426.81155E-03,+244.29673E-03
+21.92500E-03,-464.19848E-03,+240.35703E-03
+21.95000E-03,-475.10301E-03,+252.17613E-03
+21.97500E-03,-500.02763E-03,+244.29673E-03
+22.00000E-03,-476.66079E-03,+251.68367E-03
+22.02500E-03,-498.46984E-03,+248.23643E-03
+22.05000E-03,-476.66079E-03,+244.29673E-03
+22.07500E-03,-500.02763E-03,+240.35703E-03
+22.10000E-03,-500.02763E-03,+251.68367E-03
+22.12500E-03,-464.19848E-03,+244.29673E-03
+22.15000E-03,-426.81155E-03,+244.29673E-03
+22.17500E-03,-412.79145E-03,+244.29673E-03
+22.20000E-03,-375.40451E-03,+244.29673E-03
+22.22500E-03,-350.47989E-03,+247.74397E-03
+22.25000E-03,-325.55527E-03,+244.29673E-03
+22.27500E-03,-288.16833E-03,+244.29673E-03
+22.30000E-03,-225.85678E-03,+251.68367E-03
+22.32500E-03,-214.95225E-03,+247.74397E-03
+22.35000E-03,-176.00753E-03,+244.29673E-03
+22.37500E-03,-126.15829E-03,+247.74397E-03
+22.40000E-03,-77.86683E-03,+244.29673E-03
+22.42500E-03,-74.75125E-03,+252.17613E-03
+22.45000E-03,-26.45979E-03,+244.29673E-03
+22.47500E-03,+23.38945E-03,+244.29673E-03
+22.50000E-03,+73.23870E-03,+252.17613E-03
+22.52500E-03,+110.62563E-03,+248.23643E-03
+22.55000E-03,+123.08794E-03,+251.68367E-03
+22.57500E-03,+174.49498E-03,+247.74397E-03
+22.60000E-03,+199.41960E-03,+244.29673E-03
+22.62500E-03,+235.24875E-03,+247.74397E-03
+22.65000E-03,+271.07789E-03,+244.29673E-03
+22.67500E-03,+310.02261E-03,+244.29673E-03
+22.70000E-03,+345.85176E-03,+251.68367E-03
+22.72500E-03,+359.87186E-03,+244.29673E-03
+22.75000E-03,+372.33417E-03,+251.68367E-03
+22.77500E-03,+397.25879E-03,+248.23643E-03
+22.80000E-03,+397.25879E-03,+251.68367E-03
+22.82500E-03,+384.79648E-03,+247.74397E-03
+22.85000E-03,+372.33417E-03,+244.29673E-03
+22.87500E-03,+397.25879E-03,+248.23643E-03
+22.90000E-03,+370.77638E-03,+244.29673E-03
+22.92500E-03,+358.31407E-03,+248.23643E-03
+22.95000E-03,+322.48493E-03,+244.29673E-03
+22.97500E-03,+297.56030E-03,+252.17613E-03
+23.00000E-03,+247.71106E-03,+244.29673E-03
+23.02500E-03,+210.32412E-03,+248.23643E-03
+23.05000E-03,+172.93719E-03,+244.29673E-03
+23.07500E-03,+123.08794E-03,+247.74397E-03
+23.10000E-03,+96.60553E-03,+251.68367E-03
+23.12500E-03,+23.38945E-03,+248.23643E-03
+23.15000E-03,-26.45979E-03,+252.17613E-03
+23.17500E-03,-51.38442E-03,+244.29673E-03
+23.20000E-03,-102.79145E-03,+244.29673E-03
+23.22500E-03,-176.00753E-03,+247.74397E-03
+23.25000E-03,-225.85678E-03,+244.29673E-03
+23.27500E-03,-264.80150E-03,+247.74397E-03
+23.30000E-03,-300.63065E-03,+244.29673E-03
+23.32500E-03,-325.55527E-03,+256.11583E-03
+23.35000E-03,-375.40451E-03,+244.29673E-03
+23.37500E-03,-412.79145E-03,+252.66859E-03
+23.40000E-03,-450.17838E-03,+244.29673E-03
+23.42500E-03,-450.17838E-03,+248.23643E-03
+23.45000E-03,-475.10301E-03,+251.68367E-03
+23.47500E-03,-475.10301E-03,+248.23643E-03
+23.50000E-03,-500.02763E-03,+251.68367E-03
+23.52500E-03,-514.04773E-03,+244.29673E-03
+23.55000E-03,-500.02763E-03,+244.29673E-03
+23.57500E-03,-514.04773E-03,+244.29673E-03
+23.60000E-03,-476.66079E-03,+251.68367E-03
+23.62500E-03,-489.12311E-03,+247.74397E-03
+23.65000E-03,-451.73617E-03,+251.68367E-03
+23.67500E-03,-437.71607E-03,+248.23643E-03
+23.70000E-03,-425.25376E-03,+252.17613E-03
+23.72500E-03,-375.40451E-03,+252.17613E-03
+23.75000E-03,-375.40451E-03,+244.29673E-03
+23.77500E-03,-325.55527E-03,+248.23643E-03
+23.80000E-03,-277.26381E-03,+252.17613E-03
+23.82500E-03,-238.31909E-03,+244.29673E-03
+23.85000E-03,-200.93215E-03,+251.68367E-03
+23.87500E-03,-165.10301E-03,+243.31181E-03
+23.90000E-03,-102.79145E-03,+251.68367E-03
+23.92500E-03,-88.77135E-03,+244.29673E-03
+23.95000E-03,-51.38442E-03,+259.56306E-03
+23.97500E-03,-26.45979E-03,+244.29673E-03
+24.00000E-03,+23.38945E-03,+252.17613E-03
+24.02500E-03,+73.23870E-03,+247.74397E-03
+24.05000E-03,+73.23870E-03,+251.68367E-03
+24.07500E-03,+135.55025E-03,+247.74397E-03
+24.10000E-03,+172.93719E-03,+252.17613E-03
+24.12500E-03,+183.84171E-03,+247.74397E-03
+24.15000E-03,+224.34422E-03,+244.29673E-03
+24.17500E-03,+283.54020E-03,+252.17613E-03
+24.20000E-03,+297.56030E-03,+252.17613E-03
+24.22500E-03,+333.38945E-03,+252.17613E-03
+24.25000E-03,+370.77638E-03,+244.29673E-03
+24.27500E-03,+372.33417E-03,+252.17613E-03
+24.30000E-03,+395.70101E-03,+251.68367E-03
+24.32500E-03,+372.33417E-03,+244.29673E-03
+24.35000E-03,+397.25879E-03,+252.17613E-03
+24.37500E-03,+408.16332E-03,+244.29673E-03
+24.40000E-03,+372.33417E-03,+252.17613E-03
+24.42500E-03,+358.31407E-03,+247.74397E-03
+24.45000E-03,+370.77638E-03,+244.29673E-03
+24.47500E-03,+310.02261E-03,+248.23643E-03
+24.50000E-03,+272.63568E-03,+244.29673E-03
+24.52500E-03,+272.63568E-03,+247.74397E-03
+24.55000E-03,+197.86181E-03,+252.17613E-03
+24.57500E-03,+183.84171E-03,+252.17613E-03
+24.60000E-03,+123.08794E-03,+252.17613E-03
+24.62500E-03,+73.23870E-03,+244.29673E-03
+24.65000E-03,+46.75629E-03,+252.17613E-03
+24.67500E-03,-40.47989E-03,+252.17613E-03
+24.70000E-03,-54.50000E-03,+252.17613E-03
+24.72500E-03,-126.15829E-03,+248.23643E-03
+24.75000E-03,-176.00753E-03,+251.68367E-03
+24.77500E-03,-225.85678E-03,+248.23643E-03
+24.80000E-03,-275.70602E-03,+251.68367E-03
+24.82500E-03,-313.09296E-03,+247.74397E-03
+24.85000E-03,-325.55527E-03,+252.17613E-03
+24.87500E-03,-350.47989E-03,+247.74397E-03
+24.90000E-03,-425.25376E-03,+244.29673E-03
+24.92500E-03,-425.25376E-03,+248.23643E-03
+24.95000E-03,-450.17838E-03,+252.17613E-03
+24.97500E-03,-475.10301E-03,+244.29673E-03
+25.00000E-03,-475.10301E-03,+244.29673E-03
+25.02500E-03,-500.02763E-03,+240.35703E-03
+25.05000E-03,-500.02763E-03,+244.29673E-03
+25.07500E-03,-498.46984E-03,+248.23643E-03
+25.10000E-03,-500.02763E-03,+252.17613E-03
+25.12500E-03,-489.12311E-03,+252.17613E-03
+25.15000E-03,-500.02763E-03,+251.68367E-03
+25.17500E-03,-475.10301E-03,+244.29673E-03
+25.20000E-03,-450.17838E-03,+251.68367E-03
+25.22500E-03,-412.79145E-03,+252.17613E-03
+25.25000E-03,-375.40451E-03,+244.29673E-03
+25.27500E-03,-353.59547E-03,+244.29673E-03
+25.30000E-03,-300.63065E-03,+252.17613E-03
+25.32500E-03,-275.70602E-03,+252.17613E-03
+25.35000E-03,-250.78140E-03,+252.17613E-03
+25.37500E-03,-190.02763E-03,+247.74397E-03
+25.40000E-03,-176.00753E-03,+244.29673E-03
+25.42500E-03,-140.17839E-03,+252.17613E-03
+25.45000E-03,-76.30904E-03,+244.29673E-03
+25.47500E-03,-65.40452E-03,+247.74397E-03
+25.50000E-03,-3.09296E-03,+244.29673E-03
+25.52500E-03,+23.38945E-03,+244.29673E-03
+25.55000E-03,+48.31407E-03,+251.68367E-03
+25.57500E-03,+98.16332E-03,+244.29673E-03
+25.60000E-03,+148.01257E-03,+244.29673E-03
+25.62500E-03,+158.91709E-03,+248.23643E-03
+25.65000E-03,+222.78643E-03,+244.29673E-03
+25.67500E-03,+247.71106E-03,+247.74397E-03
+25.70000E-03,+247.71106E-03,+244.29673E-03
+25.72500E-03,+308.46483E-03,+251.19121E-03
+25.75000E-03,+322.48493E-03,+244.29673E-03
+25.77500E-03,+347.40955E-03,+248.23643E-03
+25.80000E-03,+348.96734E-03,+251.68367E-03
+25.82500E-03,+383.23869E-03,+247.74397E-03
+25.85000E-03,+397.25879E-03,+251.68367E-03
+25.87500E-03,+397.25879E-03,+247.74397E-03
+25.90000E-03,+397.25879E-03,+244.29673E-03
+25.92500E-03,+372.33417E-03,+239.86457E-03
+25.95000E-03,+370.77638E-03,+244.29673E-03
+25.97500E-03,+347.40955E-03,+244.29673E-03
+26.00000E-03,+320.92714E-03,+251.68367E-03
+26.02500E-03,+285.09799E-03,+247.74397E-03
+26.05000E-03,+247.71106E-03,+251.68367E-03
+26.07500E-03,+210.32412E-03,+244.29673E-03
+26.10000E-03,+172.93719E-03,+236.90980E-03
+26.12500E-03,+109.06784E-03,+244.29673E-03
+26.15000E-03,+73.23870E-03,+244.29673E-03
+26.17500E-03,+35.85176E-03,+252.17613E-03
+26.20000E-03,-28.01758E-03,+244.29673E-03
+26.22500E-03,-76.30904E-03,+247.74397E-03
+26.25000E-03,-127.71607E-03,+244.29673E-03
+26.27500E-03,-176.00753E-03,+247.74397E-03
+26.30000E-03,-202.48994E-03,+244.29673E-03
+26.32500E-03,-264.80150E-03,+247.74397E-03
+26.35000E-03,-325.55527E-03,+244.29673E-03
+26.37500E-03,-350.47989E-03,+252.17613E-03
+26.40000E-03,-353.59547E-03,+244.29673E-03
+26.42500E-03,-400.32914E-03,+247.74397E-03
+26.45000E-03,-425.25376E-03,+244.29673E-03
+26.47500E-03,-425.25376E-03,+248.23643E-03
+26.50000E-03,-475.10301E-03,+252.17613E-03
+26.52500E-03,-475.10301E-03,+252.17613E-03
+26.55000E-03,-500.02763E-03,+244.29673E-03
+26.57500E-03,-500.02763E-03,+252.17613E-03
+26.60000E-03,-500.02763E-03,+252.17613E-03
+26.62500E-03,-489.12311E-03,+248.23643E-03
+26.65000E-03,-500.02763E-03,+251.68367E-03
+26.67500E-03,-475.10301E-03,+244.29673E-03
+26.70000E-03,-451.73617E-03,+252.17613E-03
+26.72500E-03,-437.71607E-03,+248.23643E-03
+26.75000E-03,-425.25376E-03,+244.29673E-03
+26.77500E-03,-375.40451E-03,+239.86457E-03
+26.80000E-03,-375.40451E-03,+251.68367E-03
+26.82500E-03,-313.09296E-03,+256.11583E-03
+26.85000E-03,-300.63065E-03,+252.17613E-03
+26.87500E-03,-238.31909E-03,+248.23643E-03
+26.90000E-03,-200.93215E-03,+252.17613E-03
+26.92500E-03,-163.54522E-03,+247.74397E-03
+26.95000E-03,-104.34924E-03,+244.29673E-03
+26.97500E-03,-74.75125E-03,+248.23643E-03
+27.00000E-03,-52.94221E-03,+244.29673E-03
+27.02500E-03,-13.99748E-03,+248.23643E-03
+27.05000E-03,+23.38945E-03,+244.29673E-03
+27.07500E-03,+85.70101E-03,+247.74397E-03
+27.10000E-03,+123.08794E-03,+244.29673E-03
+27.12500E-03,+135.55025E-03,+252.17613E-03
+27.15000E-03,+172.93719E-03,+244.29673E-03
+27.17500E-03,+210.32412E-03,+248.23643E-03
+27.20000E-03,+222.78643E-03,+244.29673E-03
+27.22500E-03,+285.09799E-03,+252.17613E-03
+27.25000E-03,+322.48493E-03,+244.29673E-03
+27.27500E-03,+348.96734E-03,+252.17613E-03
+27.30000E-03,+347.40955E-03,+252.17613E-03
+27.32500E-03,+358.31407E-03,+252.17613E-03
+27.35000E-03,+397.25879E-03,+244.29673E-03
+27.37500E-03,+397.25879E-03,+240.35703E-03
+27.40000E-03,+372.33417E-03,+252.17613E-03
+27.42500E-03,+397.25879E-03,+240.35703E-03
+27.45000E-03,+347.40955E-03,+244.29673E-03
+27.47500E-03,+347.40955E-03,+244.29673E-03
+27.50000E-03,+345.85176E-03,+244.29673E-03
+27.52500E-03,+297.56030E-03,+244.29673E-03
+27.55000E-03,+297.56030E-03,+244.29673E-03
+27.57500E-03,+247.71106E-03,+247.74397E-03
+27.60000E-03,+172.93719E-03,+244.29673E-03
+27.62500E-03,+158.91709E-03,+244.29673E-03
+27.65000E-03,+121.53015E-03,+244.29673E-03
+27.67500E-03,+48.31407E-03,+247.74397E-03
+27.70000E-03,+21.83166E-03,+252.17613E-03
+27.72500E-03,-38.92211E-03,+244.29673E-03
+27.75000E-03,-77.86683E-03,+244.29673E-03
+27.77500E-03,-140.17839E-03,+247.74397E-03
+27.80000E-03,-200.93215E-03,+251.68367E-03
+27.82500E-03,-200.93215E-03,+248.23643E-03
+27.85000E-03,-275.70602E-03,+244.29673E-03
+27.87500E-03,-300.63065E-03,+252.17613E-03
+27.90000E-03,-328.67085E-03,+244.29673E-03
+27.92500E-03,-375.40451E-03,+244.29673E-03
+27.95000E-03,-425.25376E-03,+251.68367E-03
+27.97500E-03,-439.27386E-03,+252.17613E-03
+28.00000E-03,-475.10301E-03,+251.68367E-03
+28.02500E-03,-475.10301E-03,+252.17613E-03
+28.05000E-03,-500.02763E-03,+252.17613E-03
+28.07500E-03,-489.12311E-03,+248.23643E-03
+28.10000E-03,-500.02763E-03,+244.29673E-03
+28.12500E-03,-489.12311E-03,+248.23643E-03
+28.15000E-03,-500.02763E-03,+244.29673E-03
+28.17500E-03,-514.04773E-03,+248.23643E-03
+28.20000E-03,-476.66079E-03,+252.17613E-03
+28.22500E-03,-475.10301E-03,+247.74397E-03
+28.25000E-03,-450.17838E-03,+252.17613E-03
+28.27500E-03,-425.25376E-03,+248.23643E-03
+28.30000E-03,-375.40451E-03,+244.29673E-03
+28.32500E-03,-338.01758E-03,+244.29673E-03
+28.35000E-03,-302.18843E-03,+252.17613E-03
+28.37500E-03,-275.70602E-03,+248.23643E-03
+28.40000E-03,-250.78140E-03,+251.68367E-03
+28.42500E-03,-188.46984E-03,+244.29673E-03
+28.45000E-03,-151.08291E-03,+252.17613E-03
+28.47500E-03,-126.15829E-03,+244.29673E-03
+28.50000E-03,-52.94221E-03,+251.68367E-03
+28.52500E-03,-51.38442E-03,+247.74397E-03
+28.55000E-03,-26.45979E-03,+244.29673E-03
+28.57500E-03,+23.38945E-03,+252.17613E-03
+28.60000E-03,+73.23870E-03,+251.68367E-03
+28.62500E-03,+109.06784E-03,+247.74397E-03
+28.65000E-03,+148.01257E-03,+251.68367E-03
+28.67500E-03,+185.39950E-03,+252.17613E-03
+28.70000E-03,+222.78643E-03,+252.17613E-03
+28.72500E-03,+247.71106E-03,+255.62337E-03
+28.75000E-03,+296.00251E-03,+251.68367E-03
+28.77500E-03,+297.56030E-03,+247.74397E-03
+28.80000E-03,+345.85176E-03,+244.29673E-03
+28.82500E-03,+359.87186E-03,+248.23643E-03
+28.85000E-03,+348.96734E-03,+244.29673E-03
+28.87500E-03,+408.16332E-03,+252.17613E-03
+28.90000E-03,+395.70101E-03,+244.29673E-03
+28.92500E-03,+409.72111E-03,+252.17613E-03
+28.95000E-03,+372.33417E-03,+244.29673E-03
+28.97500E-03,+384.79648E-03,+248.23643E-03
+29.00000E-03,+347.40955E-03,+251.68367E-03
+29.02500E-03,+334.94724E-03,+252.17613E-03
+29.05000E-03,+320.92714E-03,+259.07060E-03
+29.07500E-03,+283.54020E-03,+247.74397E-03
+29.10000E-03,+222.78643E-03,+244.29673E-03
+29.12500E-03,+197.86181E-03,+244.29673E-03
+29.15000E-03,+146.45478E-03,+251.68367E-03
+29.17500E-03,+123.08794E-03,+252.17613E-03
+29.20000E-03,+71.68091E-03,+244.29673E-03
+29.22500E-03,+23.38945E-03,+247.74397E-03
+29.25000E-03,-51.38442E-03,+251.68367E-03
+29.27500E-03,-101.23366E-03,+244.29673E-03
+29.30000E-03,-151.08291E-03,+244.29673E-03
+29.32500E-03,-190.02763E-03,+239.86457E-03
+29.35000E-03,-202.48994E-03,+252.17613E-03
+29.37500E-03,-275.70602E-03,+252.17613E-03
+29.40000E-03,-302.18843E-03,+244.29673E-03
+29.42500E-03,-362.94220E-03,+248.23643E-03
+29.45000E-03,-375.40451E-03,+252.17613E-03
+29.47500E-03,-425.25376E-03,+247.74397E-03
+29.50000E-03,-451.73617E-03,+244.29673E-03
+29.52500E-03,-450.17838E-03,+244.29673E-03
+29.55000E-03,-475.10301E-03,+244.29673E-03
+29.57500E-03,-500.02763E-03,+248.23643E-03
+29.60000E-03,-524.95225E-03,+244.29673E-03
+29.62500E-03,-500.02763E-03,+252.17613E-03
+29.65000E-03,-501.58542E-03,+251.68367E-03
+29.67500E-03,-489.12311E-03,+252.17613E-03
+29.70000E-03,-475.10301E-03,+252.17613E-03
+29.72500E-03,-489.12311E-03,+252.17613E-03
+29.75000E-03,-451.73617E-03,+251.68367E-03
+29.77500E-03,-425.25376E-03,+252.17613E-03
+29.80000E-03,-425.25376E-03,+251.68367E-03
+29.82500E-03,-375.40451E-03,+252.17613E-03
+29.85000E-03,-327.11306E-03,+252.17613E-03
+29.87500E-03,-313.09296E-03,+247.74397E-03
+29.90000E-03,-250.78140E-03,+251.68367E-03
+29.92500E-03,-225.85678E-03,+252.17613E-03
+29.95000E-03,-176.00753E-03,+244.29673E-03
+29.97500E-03,-163.54522E-03,+244.29673E-03
+30.00000E-03,-101.23366E-03,+244.29673E-03
+30.02500E-03,-63.84673E-03,+248.23643E-03
+30.05000E-03,-26.45979E-03,+244.29673E-03
+30.07500E-03,-13.99748E-03,+248.23643E-03
+30.10000E-03,+48.31407E-03,+251.68367E-03
+30.12500E-03,+74.79649E-03,+248.23643E-03
+30.15000E-03,+98.16332E-03,+244.29673E-03
+30.17500E-03,+135.55025E-03,+244.29673E-03
+30.20000E-03,+172.93719E-03,+252.17613E-03
+30.22500E-03,+222.78643E-03,+244.29673E-03
+30.25000E-03,+247.71106E-03,+244.29673E-03
+30.27500E-03,+272.63568E-03,+244.29673E-03
+30.30000E-03,+297.56030E-03,+244.29673E-03
+30.32500E-03,+334.94724E-03,+247.74397E-03
+30.35000E-03,+370.77638E-03,+251.68367E-03
+30.37500E-03,+384.79648E-03,+248.23643E-03
+30.40000E-03,+397.25879E-03,+244.29673E-03
+30.42500E-03,+408.16332E-03,+247.74397E-03
+30.45000E-03,+372.33417E-03,+244.29673E-03
+30.47500E-03,+408.16332E-03,+244.29673E-03
+30.50000E-03,+395.70101E-03,+244.29673E-03
+30.52500E-03,+347.40955E-03,+252.17613E-03
+30.55000E-03,+322.48493E-03,+244.29673E-03
+30.57500E-03,+308.46483E-03,+252.17613E-03
+30.60000E-03,+272.63568E-03,+251.68367E-03
+30.62500E-03,+233.69096E-03,+252.17613E-03
+30.65000E-03,+197.86181E-03,+251.68367E-03
+30.67500E-03,+158.91709E-03,+252.17613E-03
+30.70000E-03,+98.16332E-03,+252.17613E-03
+30.72500E-03,+59.21860E-03,+247.74397E-03
+30.75000E-03,-1.53517E-03,+244.29673E-03
+30.77500E-03,-40.47989E-03,+252.17613E-03
+30.80000E-03,-101.23366E-03,+244.29673E-03
+30.82500E-03,-138.62060E-03,+252.17613E-03
+30.85000E-03,-200.93215E-03,+244.29673E-03
+30.87500E-03,-238.31909E-03,+256.11583E-03
+30.90000E-03,-253.89698E-03,+259.07060E-03
+30.92500E-03,-325.55527E-03,+244.29673E-03
+30.95000E-03,-375.40451E-03,+244.29673E-03
+30.97500E-03,-389.42461E-03,+244.29673E-03
+31.00000E-03,-426.81155E-03,+252.17613E-03
+31.02500E-03,-450.17838E-03,+247.74397E-03
+31.05000E-03,-451.73617E-03,+251.68367E-03
+31.07500E-03,-475.10301E-03,+244.29673E-03
+31.10000E-03,-500.02763E-03,+244.29673E-03
+31.12500E-03,-500.02763E-03,+244.29673E-03
+31.15000E-03,-500.02763E-03,+244.29673E-03
+31.17500E-03,-500.02763E-03,+247.74397E-03
+31.20000E-03,-500.02763E-03,+244.29673E-03
+31.22500E-03,-489.12311E-03,+248.23643E-03
+31.25000E-03,-475.10301E-03,+244.29673E-03
+31.27500E-03,-450.17838E-03,+252.17613E-03
+31.30000E-03,-426.81155E-03,+244.29673E-03
+31.32500E-03,-400.32914E-03,+252.17613E-03
+31.35000E-03,-375.40451E-03,+251.68367E-03
+31.37500E-03,-325.55527E-03,+244.29673E-03
+31.40000E-03,-300.63065E-03,+244.29673E-03
+31.42500E-03,-264.80150E-03,+248.23643E-03
+31.45000E-03,-202.48994E-03,+251.68367E-03
+31.47500E-03,-174.44974E-03,+248.23643E-03
+31.50000E-03,-152.64070E-03,+251.68367E-03
+31.52500E-03,-113.69597E-03,+252.17613E-03
+31.55000E-03,-76.30904E-03,+252.17613E-03
+31.57500E-03,-51.38442E-03,+244.29673E-03
+31.60000E-03,-1.53517E-03,+252.17613E-03
+31.62500E-03,+48.31407E-03,+252.17613E-03
+31.65000E-03,+98.16332E-03,+244.29673E-03
+31.67500E-03,+123.08794E-03,+252.17613E-03
+31.70000E-03,+148.01257E-03,+244.29673E-03
+31.72500E-03,+197.86181E-03,+244.29673E-03
+31.75000E-03,+222.78643E-03,+251.68367E-03
+31.77500E-03,+247.71106E-03,+244.29673E-03
+31.80000E-03,+297.56030E-03,+244.29673E-03
+31.82500E-03,+322.48493E-03,+244.78920E-03
+31.85000E-03,+345.85176E-03,+236.41734E-03
+31.87500E-03,+372.33417E-03,+252.17613E-03
+31.90000E-03,+372.33417E-03,+243.80427E-03
+31.92500E-03,+409.72111E-03,+248.23643E-03
+31.95000E-03,+397.25879E-03,+244.29673E-03
+31.97500E-03,+397.25879E-03,+244.29673E-03
+32.00000E-03,+397.25879E-03,+244.29673E-03
+32.02500E-03,+383.23869E-03,+252.17613E-03
+32.05000E-03,+347.40955E-03,+252.17613E-03
+32.07500E-03,+333.38945E-03,+244.29673E-03
+32.10000E-03,+297.56030E-03,+244.29673E-03
+32.12500E-03,+258.61558E-03,+244.29673E-03
+32.15000E-03,+222.78643E-03,+244.29673E-03
+32.17500E-03,+185.39950E-03,+248.23643E-03
+32.20000E-03,+171.37940E-03,+244.29673E-03
+32.22500E-03,+109.06784E-03,+244.29673E-03
+32.25000E-03,+70.12312E-03,+252.17613E-03
+32.27500E-03,+10.92714E-03,+247.74397E-03
+32.30000E-03,-28.01758E-03,+244.29673E-03
+32.32500E-03,-101.23366E-03,+248.23643E-03
+32.35000E-03,-151.08291E-03,+244.29673E-03
+32.37500E-03,-176.00753E-03,+252.17613E-03
+32.40000E-03,-227.41457E-03,+251.68367E-03
+32.42500E-03,-289.72612E-03,+247.74397E-03
+32.45000E-03,-325.55527E-03,+251.68367E-03
+32.47500E-03,-362.94220E-03,+248.23643E-03
+32.50000E-03,-375.40451E-03,+244.29673E-03
+32.52500E-03,-450.17838E-03,+248.23643E-03
+32.55000E-03,-426.81155E-03,+251.68367E-03
+32.57500E-03,-450.17838E-03,+247.74397E-03
+32.60000E-03,-475.10301E-03,+244.29673E-03
+32.62500E-03,-487.56532E-03,+256.11583E-03
+32.65000E-03,-500.02763E-03,+252.17613E-03
+32.67500E-03,-500.02763E-03,+244.29673E-03
+32.70000E-03,-524.95225E-03,+251.68367E-03
+32.72500E-03,-487.56532E-03,+244.29673E-03
+32.75000E-03,-475.10301E-03,+251.68367E-03
+32.77500E-03,-475.10301E-03,+247.74397E-03
+32.80000E-03,-450.17838E-03,+244.29673E-03
+32.82500E-03,-462.64069E-03,+247.74397E-03
+32.85000E-03,-425.25376E-03,+251.68367E-03
+32.87500E-03,-387.86683E-03,+244.29673E-03
+32.90000E-03,-327.11306E-03,+251.68367E-03
+32.92500E-03,-289.72612E-03,+247.74397E-03
+32.95000E-03,-250.78140E-03,+244.29673E-03
+32.97500E-03,-238.31909E-03,+248.23643E-03
+33.00000E-03,-176.00753E-03,+251.68367E-03
+33.02500E-03,-140.17839E-03,+244.29673E-03
+33.05000E-03,-126.15829E-03,+251.68367E-03
+33.07500E-03,-65.40452E-03,+248.23643E-03
+33.10000E-03,-26.45979E-03,+244.29673E-03
+33.12500E-03,+9.36935E-03,+248.23643E-03
+33.15000E-03,+22.62E-06,+252.17613E-03
+33.17500E-03,+85.70101E-03,+252.17613E-03
+33.20000E-03,+123.08794E-03,+252.17613E-03
+33.22500E-03,+158.91709E-03,+247.74397E-03
+33.25000E-03,+197.86181E-03,+244.29673E-03
+33.27500E-03,+233.69096E-03,+252.66859E-03
+33.30000E-03,+247.71106E-03,+244.29673E-03
+33.32500E-03,+299.11809E-03,+252.17613E-03
+33.35000E-03,+322.48493E-03,+244.29673E-03
+33.37500E-03,+358.31407E-03,+244.29673E-03
+33.40000E-03,+372.33417E-03,+252.17613E-03
+33.42500E-03,+409.72111E-03,+244.29673E-03
+33.45000E-03,+372.33417E-03,+252.17613E-03
+33.47500E-03,+397.25879E-03,+247.74397E-03
+33.50000E-03,+397.25879E-03,+252.17613E-03
+33.52500E-03,+397.25879E-03,+248.23643E-03
+33.55000E-03,+347.40955E-03,+251.68367E-03
+33.57500E-03,+347.40955E-03,+244.29673E-03
+33.60000E-03,+322.48493E-03,+244.29673E-03
+33.62500E-03,+297.56030E-03,+248.23643E-03
+33.65000E-03,+247.71106E-03,+244.29673E-03
+33.67500E-03,+222.78643E-03,+247.74397E-03
+33.70000E-03,+197.86181E-03,+252.17613E-03
+33.72500E-03,+148.01257E-03,+239.86457E-03
+33.75000E-03,+98.16332E-03,+244.29673E-03
+33.77500E-03,+35.85176E-03,+252.17613E-03
+33.80000E-03,+21.83166E-03,+244.29673E-03
+33.82500E-03,-51.38442E-03,+248.23643E-03
+33.85000E-03,-126.15829E-03,+244.29673E-03
+33.87500E-03,-138.62060E-03,+244.29673E-03
+33.90000E-03,-200.93215E-03,+244.29673E-03
+33.92500E-03,-239.87688E-03,+247.74397E-03
+33.95000E-03,-277.26381E-03,+244.29673E-03
+33.97500E-03,-313.09296E-03,+248.23643E-03
+34.00000E-03,-375.40451E-03,+244.29673E-03
+34.02500E-03,-400.32914E-03,+244.29673E-03
+34.05000E-03,-425.25376E-03,+244.29673E-03
+34.07500E-03,-450.17838E-03,+248.23643E-03
+34.10000E-03,-475.10301E-03,+244.29673E-03
+34.12500E-03,-462.64069E-03,+244.29673E-03
+34.15000E-03,-475.10301E-03,+244.29673E-03
+34.17500E-03,-500.02763E-03,+244.29673E-03
+34.20000E-03,-524.95225E-03,+244.29673E-03
+34.22500E-03,-487.56532E-03,+252.17613E-03
+34.25000E-03,-500.02763E-03,+244.29673E-03
+34.27500E-03,-475.10301E-03,+247.74397E-03
+34.30000E-03,-500.02763E-03,+252.17613E-03
+34.32500E-03,-462.64069E-03,+252.17613E-03
+34.35000E-03,-425.25376E-03,+244.29673E-03
+34.37500E-03,-389.42461E-03,+252.17613E-03
+34.40000E-03,-352.03768E-03,+252.17613E-03
+34.42500E-03,-325.55527E-03,+247.74397E-03
+34.45000E-03,-275.70602E-03,+244.29673E-03
+34.47500E-03,-264.80150E-03,+248.23643E-03
+34.50000E-03,-225.85678E-03,+244.29673E-03
+34.52500E-03,-188.46984E-03,+244.29673E-03
+34.55000E-03,-151.08291E-03,+244.29673E-03
+34.57500E-03,-101.23366E-03,+252.17613E-03
+34.60000E-03,-51.38442E-03,+252.17613E-03
+34.62500E-03,-38.92211E-03,+244.29673E-03
+34.65000E-03,+23.38945E-03,+244.29673E-03
+34.67500E-03,+49.87186E-03,+248.23643E-03
+34.70000E-03,+98.16332E-03,+244.29673E-03
+34.72500E-03,+123.08794E-03,+248.23643E-03
+34.75000E-03,+148.01257E-03,+244.29673E-03
+34.77500E-03,+185.39950E-03,+248.23643E-03
+34.80000E-03,+222.78643E-03,+251.68367E-03
+34.82500E-03,+260.17337E-03,+244.29673E-03
+34.85000E-03,+297.56030E-03,+252.17613E-03
+34.87500E-03,+319.36935E-03,+247.74397E-03
+34.90000E-03,+347.40955E-03,+244.29673E-03
+34.92500E-03,+358.31407E-03,+244.29673E-03
+34.95000E-03,+397.25879E-03,+252.17613E-03
+34.97500E-03,+397.25879E-03,+248.23643E-03
+35.00000E-03,+397.25879E-03,+244.29673E-03
+35.02500E-03,+383.23869E-03,+244.29673E-03
+35.05000E-03,+395.70101E-03,+251.68367E-03
+35.07500E-03,+397.25879E-03,+244.29673E-03
+35.10000E-03,+370.77638E-03,+252.17613E-03
+35.12500E-03,+344.29397E-03,+247.74397E-03
+35.15000E-03,+272.63568E-03,+244.29673E-03
+35.17500E-03,+272.63568E-03,+252.17613E-03
+35.20000E-03,+246.15327E-03,+244.29673E-03
+35.22500E-03,+172.93719E-03,+247.74397E-03
+35.25000E-03,+146.45478E-03,+252.17613E-03
+35.27500E-03,+84.14322E-03,+244.29673E-03
+35.30000E-03,+23.38945E-03,+251.68367E-03
+35.32500E-03,+10.92714E-03,+252.17613E-03
+35.35000E-03,-52.94221E-03,+252.17613E-03
+35.37500E-03,-115.25376E-03,+247.74397E-03
+35.40000E-03,-152.64070E-03,+251.68367E-03
+35.42500E-03,-200.93215E-03,+248.23643E-03
+35.45000E-03,-227.41457E-03,+251.68367E-03
+35.47500E-03,-275.70602E-03,+247.74397E-03
+35.50000E-03,-325.55527E-03,+244.29673E-03
+35.52500E-03,-350.47989E-03,+247.74397E-03
+35.55000E-03,-400.32914E-03,+251.68367E-03
+35.57500E-03,-414.34924E-03,+252.17613E-03
+35.60000E-03,-428.36934E-03,+244.29673E-03
+35.62500E-03,-462.64069E-03,+248.23643E-03
+35.65000E-03,-475.10301E-03,+252.17613E-03
+35.67500E-03,-489.12311E-03,+247.74397E-03
+35.70000E-03,-501.58542E-03,+244.29673E-03
+35.72500E-03,-500.02763E-03,+252.17613E-03
+35.75000E-03,-524.95225E-03,+251.68367E-03
+35.77500E-03,-475.10301E-03,+252.17613E-03
+35.80000E-03,-500.02763E-03,+244.29673E-03
+35.82500E-03,-464.19848E-03,+248.23643E-03
+35.85000E-03,-450.17838E-03,+251.68367E-03
+35.87500E-03,-425.25376E-03,+244.78920E-03
+35.90000E-03,-400.32914E-03,+252.17613E-03
+35.92500E-03,-387.86683E-03,+244.29673E-03
+35.95000E-03,-325.55527E-03,+252.17613E-03
+35.97500E-03,-288.16833E-03,+248.23643E-03
+36.00000E-03,-225.85678E-03,+252.17613E-03
+36.02500E-03,-225.85678E-03,+248.23643E-03
+36.05000E-03,-176.00753E-03,+244.29673E-03
+36.07500E-03,-151.08291E-03,+248.23643E-03
+36.10000E-03,-101.23366E-03,+244.29673E-03
+36.12500E-03,-76.30904E-03,+252.17613E-03
+36.15000E-03,-26.45979E-03,+244.29673E-03
+36.17500E-03,-13.99748E-03,+244.29673E-03
+36.20000E-03,+71.68091E-03,+251.68367E-03
+36.22500E-03,+85.70101E-03,+247.74397E-03
+36.25000E-03,+123.08794E-03,+251.68367E-03
+36.27500E-03,+174.49498E-03,+252.17613E-03
+36.30000E-03,+197.86181E-03,+252.17613E-03
+36.32500E-03,+233.69096E-03,+244.29673E-03
+36.35000E-03,+272.63568E-03,+252.17613E-03
+36.37500E-03,+285.09799E-03,+244.29673E-03
+36.40000E-03,+322.48493E-03,+252.17613E-03
+36.42500E-03,+347.40955E-03,+244.29673E-03
+36.45000E-03,+372.33417E-03,+259.56306E-03
+36.47500E-03,+383.23869E-03,+248.23643E-03
+36.50000E-03,+372.33417E-03,+244.29673E-03
+36.52500E-03,+397.25879E-03,+247.74397E-03
+36.55000E-03,+420.62563E-03,+244.29673E-03
+36.57500E-03,+372.33417E-03,+247.74397E-03
+36.60000E-03,+395.70101E-03,+251.68367E-03
+36.62500E-03,+347.40955E-03,+252.17613E-03
+36.65000E-03,+347.40955E-03,+252.17613E-03
+36.67500E-03,+297.56030E-03,+248.23643E-03
+36.70000E-03,+272.63568E-03,+244.29673E-03
+36.72500E-03,+208.76633E-03,+244.29673E-03
+36.75000E-03,+196.30402E-03,+252.17613E-03
+36.77500E-03,+133.99247E-03,+247.74397E-03
+36.80000E-03,+98.16332E-03,+252.17613E-03
+36.82500E-03,+48.31407E-03,+248.23643E-03
+36.85000E-03,-3.09296E-03,+251.68367E-03
+36.87500E-03,-51.38442E-03,+247.74397E-03
+36.90000E-03,-126.15829E-03,+244.29673E-03
+36.92500E-03,-151.08291E-03,+252.17613E-03
+36.95000E-03,-202.48994E-03,+244.29673E-03
+36.97500E-03,-238.31909E-03,+244.29673E-03
+37.00000E-03,-275.70602E-03,+251.68367E-03
+37.02500E-03,-314.65075E-03,+252.17613E-03
+37.05000E-03,-375.40451E-03,+251.68367E-03
+37.07500E-03,-400.32914E-03,+247.74397E-03
+37.10000E-03,-425.25376E-03,+244.29673E-03
+37.12500E-03,-450.17838E-03,+247.74397E-03
+37.15000E-03,-450.17838E-03,+244.29673E-03
+37.17500E-03,-475.10301E-03,+247.74397E-03
+37.20000E-03,-476.66079E-03,+252.17613E-03
+37.22500E-03,-489.12311E-03,+252.17613E-03
+37.25000E-03,-500.02763E-03,+244.29673E-03
+37.27500E-03,-500.02763E-03,+248.23643E-03
+37.30000E-03,-500.02763E-03,+244.29673E-03
+37.32500E-03,-475.10301E-03,+244.29673E-03
+37.35000E-03,-498.46984E-03,+244.29673E-03
+37.37500E-03,-437.71607E-03,+248.23643E-03
+37.40000E-03,-401.88693E-03,+251.68367E-03
+37.42500E-03,-387.86683E-03,+248.23643E-03
+37.45000E-03,-350.47989E-03,+251.68367E-03
+37.47500E-03,-325.55527E-03,+248.23643E-03
+37.50000E-03,-278.82160E-03,+244.29673E-03
+37.52500E-03,-250.78140E-03,+248.23643E-03
+37.55000E-03,-225.85678E-03,+251.68367E-03
+37.57500E-03,-176.00753E-03,+248.23643E-03
+37.60000E-03,-126.15829E-03,+244.29673E-03
+37.62500E-03,-90.32914E-03,+248.23643E-03
+37.65000E-03,-99.67587E-03,+244.29673E-03
+37.67500E-03,-26.45979E-03,+244.29673E-03
+37.70000E-03,+23.38945E-03,+244.29673E-03
+37.72500E-03,+60.77639E-03,+252.17613E-03
+37.75000E-03,+49.87186E-03,+251.68367E-03
+37.77500E-03,+123.08794E-03,+247.74397E-03
+37.80000E-03,+148.01257E-03,+244.29673E-03
+37.82500E-03,+197.86181E-03,+248.23643E-03
+37.85000E-03,+247.71106E-03,+251.68367E-03
+37.87500E-03,+260.17337E-03,+252.17613E-03
+37.90000E-03,+297.56030E-03,+244.29673E-03
+37.92500E-03,+347.40955E-03,+239.86457E-03
+37.95000E-03,+347.40955E-03,+252.17613E-03
+37.97500E-03,+384.79648E-03,+244.29673E-03
+38.00000E-03,+372.33417E-03,+244.29673E-03
+38.02500E-03,+397.25879E-03,+252.17613E-03
+38.05000E-03,+395.70101E-03,+252.17613E-03
+38.07500E-03,+397.25879E-03,+247.74397E-03
+38.10000E-03,+394.14322E-03,+244.29673E-03
+38.12500E-03,+358.31407E-03,+252.17613E-03
+38.15000E-03,+372.33417E-03,+251.68367E-03
+38.17500E-03,+333.38945E-03,+248.23643E-03
+38.20000E-03,+297.56030E-03,+252.17613E-03
+38.22500E-03,+258.61558E-03,+244.29673E-03
+38.25000E-03,+222.78643E-03,+236.90980E-03
+38.27500E-03,+183.84171E-03,+252.17613E-03
+38.30000E-03,+146.45478E-03,+251.68367E-03
+38.32500E-03,+73.23870E-03,+244.29673E-03
+38.35000E-03,+23.38945E-03,+252.17613E-03
+38.37500E-03,-1.53517E-03,+247.74397E-03
+38.40000E-03,-76.30904E-03,+244.29673E-03
+38.42500E-03,-101.23366E-03,+252.17613E-03
+38.45000E-03,-151.08291E-03,+251.68367E-03
+38.47500E-03,-213.39447E-03,+247.74397E-03
+38.50000E-03,-250.78140E-03,+252.17613E-03
+38.52500E-03,-275.70602E-03,+247.74397E-03
+38.55000E-03,-325.55527E-03,+251.68367E-03
+38.57500E-03,-364.49999E-03,+248.23643E-03
+38.60000E-03,-400.32914E-03,+244.29673E-03
+38.62500E-03,-425.25376E-03,+244.29673E-03
+38.65000E-03,-450.17838E-03,+244.29673E-03
+38.67500E-03,-464.19848E-03,+247.74397E-03
+38.70000E-03,-476.66079E-03,+251.68367E-03
+38.72500E-03,-489.12311E-03,+252.17613E-03
+38.75000E-03,-500.02763E-03,+244.29673E-03
+38.77500E-03,-500.02763E-03,+244.29673E-03
+38.80000E-03,-476.66079E-03,+252.17613E-03
+38.82500E-03,-500.02763E-03,+252.17613E-03
+38.85000E-03,-500.02763E-03,+244.29673E-03
+38.87500E-03,-462.64069E-03,+247.74397E-03
+38.90000E-03,-450.17838E-03,+252.17613E-03
+38.92500E-03,-414.34924E-03,+252.17613E-03
+38.95000E-03,-400.32914E-03,+244.29673E-03
+38.97500E-03,-362.94220E-03,+248.23643E-03
+39.00000E-03,-325.55527E-03,+244.29673E-03
+39.02500E-03,-300.63065E-03,+244.29673E-03
+39.05000E-03,-250.78140E-03,+252.17613E-03
+39.07500E-03,-200.93215E-03,+252.17613E-03
+39.10000E-03,-176.00753E-03,+244.29673E-03
+39.12500E-03,-151.08291E-03,+247.74397E-03
+39.15000E-03,-101.23366E-03,+252.17613E-03
+39.17500E-03,-51.38442E-03,+252.17613E-03
+39.20000E-03,-26.45979E-03,+244.29673E-03
+39.22500E-03,+23.38945E-03,+252.17613E-03
+39.25000E-03,+73.23870E-03,+251.68367E-03
+39.27500E-03,+110.62563E-03,+248.23643E-03
+39.30000E-03,+148.01257E-03,+244.29673E-03
+39.32500E-03,+172.93719E-03,+248.23643E-03
+39.35000E-03,+197.86181E-03,+251.68367E-03
+39.37500E-03,+235.24875E-03,+248.23643E-03
+39.40000E-03,+272.63568E-03,+251.68367E-03
+39.42500E-03,+297.56030E-03,+244.29673E-03
+39.45000E-03,+322.48493E-03,+252.17613E-03
+39.47500E-03,+334.94724E-03,+247.74397E-03
+39.50000E-03,+372.33417E-03,+252.17613E-03
+39.52500E-03,+384.79648E-03,+248.23643E-03
+39.55000E-03,+420.62563E-03,+244.29673E-03
+39.57500E-03,+397.25879E-03,+248.23643E-03
+39.60000E-03,+372.33417E-03,+251.68367E-03
+39.62500E-03,+397.25879E-03,+248.23643E-03
+39.65000E-03,+394.14322E-03,+244.29673E-03
+39.67500E-03,+372.33417E-03,+244.29673E-03
+39.70000E-03,+322.48493E-03,+251.68367E-03
+39.72500E-03,+297.56030E-03,+244.29673E-03
+39.75000E-03,+271.07789E-03,+244.29673E-03
+39.77500E-03,+222.78643E-03,+248.23643E-03
+39.80000E-03,+148.01257E-03,+244.29673E-03
+39.82500E-03,+133.99247E-03,+239.86457E-03
+39.85000E-03,+49.87186E-03,+251.68367E-03
+39.87500E-03,+34.29397E-03,+252.17613E-03
+39.90000E-03,-26.45979E-03,+251.68367E-03
+39.92500E-03,-65.40452E-03,+252.17613E-03
+39.95000E-03,-101.23366E-03,+251.68367E-03
+39.97500E-03,-163.54522E-03,+244.29673E-03
+40.00000E-03,-225.85678E-03,+244.29673E-03
+40.02500E-03,-263.24371E-03,+248.23643E-03
+40.05000E-03,-300.63065E-03,+252.17613E-03
+40.07500E-03,-339.57537E-03,+244.29673E-03
+40.10000E-03,-375.40451E-03,+244.29673E-03
+40.12500E-03,-389.42461E-03,+247.74397E-03
+40.15000E-03,-450.17838E-03,+244.29673E-03
+40.17500E-03,-464.19848E-03,+247.74397E-03
+40.20000E-03,-475.10301E-03,+244.29673E-03
+40.22500E-03,-489.12311E-03,+244.29673E-03
+40.25000E-03,-476.66079E-03,+252.17613E-03
+40.27500E-03,-498.46984E-03,+247.74397E-03
+40.30000E-03,-500.02763E-03,+244.29673E-03
+40.32500E-03,-500.02763E-03,+252.17613E-03
+40.35000E-03,-500.02763E-03,+252.17613E-03
+40.37500E-03,-489.12311E-03,+247.74397E-03
+40.40000E-03,-450.17838E-03,+244.29673E-03
+40.42500E-03,-450.17838E-03,+251.19121E-03
+40.45000E-03,-425.25376E-03,+236.90980E-03
+40.47500E-03,-387.86683E-03,+247.74397E-03
+40.50000E-03,-350.47989E-03,+252.17613E-03
+40.52500E-03,-325.55527E-03,+244.29673E-03
+40.55000E-03,-275.70602E-03,+251.68367E-03
+40.57500E-03,-239.87688E-03,+252.17613E-03
+40.60000E-03,-177.56532E-03,+252.17613E-03
+40.62500E-03,-176.00753E-03,+248.23643E-03
+40.65000E-03,-149.52512E-03,+244.29673E-03
+40.67500E-03,-88.77135E-03,+248.23643E-03
+40.70000E-03,-76.30904E-03,+252.17613E-03
+40.72500E-03,-15.55527E-03,+252.17613E-03
+40.75000E-03,+23.38945E-03,+251.68367E-03
+40.77500E-03,+60.77639E-03,+247.74397E-03
+40.80000E-03,+121.53015E-03,+251.68367E-03
+40.82500E-03,+135.55025E-03,+252.17613E-03
+40.85000E-03,+148.01257E-03,+251.68367E-03
+40.87500E-03,+197.86181E-03,+248.23643E-03
+40.90000E-03,+247.71106E-03,+244.29673E-03
+40.92500E-03,+272.63568E-03,+252.17613E-03
+40.95000E-03,+274.19347E-03,+244.29673E-03
+40.97500E-03,+322.48493E-03,+248.23643E-03
+41.00000E-03,+347.40955E-03,+251.68367E-03
+41.02500E-03,+359.87186E-03,+247.74397E-03
+41.05000E-03,+372.33417E-03,+251.68367E-03
+41.07500E-03,+397.25879E-03,+248.23643E-03
+41.10000E-03,+395.70101E-03,+244.29673E-03
+41.12500E-03,+383.23869E-03,+248.23643E-03
+41.15000E-03,+397.25879E-03,+244.29673E-03
+41.17500E-03,+358.31407E-03,+244.29673E-03
+41.20000E-03,+345.85176E-03,+251.68367E-03
+41.22500E-03,+322.48493E-03,+244.29673E-03
+41.25000E-03,+272.63568E-03,+236.41734E-03
+41.27500E-03,+247.71106E-03,+248.23643E-03
+41.30000E-03,+222.78643E-03,+244.29673E-03
+41.32500E-03,+172.93719E-03,+252.17613E-03
+41.35000E-03,+123.08794E-03,+244.29673E-03
+41.37500E-03,+85.70101E-03,+247.74397E-03
+41.40000E-03,+23.38945E-03,+244.29673E-03
+41.42500E-03,-26.45979E-03,+244.29673E-03
+41.45000E-03,-77.86683E-03,+244.29673E-03
+41.47500E-03,-129.27386E-03,+252.17613E-03
+41.50000E-03,-176.00753E-03,+244.29673E-03
+41.52500E-03,-214.95225E-03,+244.29673E-03
+41.55000E-03,-275.70602E-03,+244.29673E-03
+41.57500E-03,-314.65075E-03,+255.62337E-03
+41.60000E-03,-350.47989E-03,+252.17613E-03
+41.62500E-03,-375.40451E-03,+252.17613E-03
+41.65000E-03,-400.32914E-03,+244.29673E-03
+41.67500E-03,-425.25376E-03,+244.29673E-03
+41.70000E-03,-450.17838E-03,+251.68367E-03
+41.72500E-03,-475.10301E-03,+248.23643E-03
+41.75000E-03,-476.66079E-03,+244.29673E-03
+41.77500E-03,-500.02763E-03,+244.29673E-03
+41.80000E-03,-500.02763E-03,+244.29673E-03
+41.82500E-03,-500.02763E-03,+252.17613E-03
+41.85000E-03,-501.58542E-03,+252.17613E-03
+41.87500E-03,-489.12311E-03,+252.17613E-03
+41.90000E-03,-475.10301E-03,+251.68367E-03
+41.92500E-03,-450.17838E-03,+244.29673E-03
+41.95000E-03,-450.17838E-03,+244.78920E-03
+41.97500E-03,-425.25376E-03,+244.29673E-03
+42.00000E-03,-400.32914E-03,+251.68367E-03
+42.02500E-03,-364.49999E-03,+244.29673E-03
+42.05000E-03,-325.55527E-03,+244.29673E-03
+42.07500E-03,-263.24371E-03,+247.74397E-03
+42.10000E-03,-225.85678E-03,+251.68367E-03
+42.12500E-03,-213.39447E-03,+247.74397E-03
+42.15000E-03,-152.64070E-03,+244.29673E-03
+42.17500E-03,-124.60050E-03,+244.29673E-03
+42.20000E-03,-101.23366E-03,+251.68367E-03
+42.22500E-03,-63.84673E-03,+244.29673E-03
+42.25000E-03,-3.09296E-03,+244.29673E-03
+42.27500E-03,+9.36935E-03,+244.29673E-03
+42.30000E-03,+71.68091E-03,+251.68367E-03
+42.32500E-03,+98.16332E-03,+247.74397E-03
+42.35000E-03,+123.08794E-03,+244.29673E-03
+42.37500E-03,+160.47488E-03,+252.17613E-03
+42.40000E-03,+221.22865E-03,+251.68367E-03
+42.42500E-03,+233.69096E-03,+247.74397E-03
+42.45000E-03,+272.63568E-03,+244.29673E-03
+42.47500E-03,+299.11809E-03,+248.23643E-03
+42.50000E-03,+345.85176E-03,+251.68367E-03
+42.52500E-03,+347.40955E-03,+244.29673E-03
+42.55000E-03,+372.33417E-03,+259.07060E-03
+42.57500E-03,+383.23869E-03,+244.29673E-03
+42.60000E-03,+372.33417E-03,+252.17613E-03
+42.62500E-03,+383.23869E-03,+244.29673E-03
+42.65000E-03,+397.25879E-03,+251.68367E-03
+42.67500E-03,+384.79648E-03,+244.29673E-03
+42.70000E-03,+348.96734E-03,+251.68367E-03
+42.72500E-03,+334.94724E-03,+252.17613E-03
+42.75000E-03,+322.48493E-03,+252.17613E-03
+42.77500E-03,+272.63568E-03,+247.74397E-03
+42.80000E-03,+247.71106E-03,+251.68367E-03
+42.82500E-03,+208.76633E-03,+247.74397E-03
+42.85000E-03,+171.37940E-03,+244.29673E-03
+42.87500E-03,+123.08794E-03,+248.23643E-03
+42.90000E-03,+95.04774E-03,+251.68367E-03
+42.92500E-03,+35.85176E-03,+248.23643E-03
+42.95000E-03,-26.45979E-03,+251.68367E-03
+42.97500E-03,-65.40452E-03,+256.11583E-03
+43.00000E-03,-126.15829E-03,+251.68367E-03
+43.02500E-03,-163.54522E-03,+244.29673E-03
+43.05000E-03,-202.48994E-03,+251.68367E-03
+43.07500E-03,-275.70602E-03,+248.23643E-03
+43.10000E-03,-300.63065E-03,+252.17613E-03
+43.12500E-03,-325.55527E-03,+252.17613E-03
+43.15000E-03,-375.40451E-03,+244.29673E-03
+43.17500E-03,-412.79145E-03,+252.17613E-03
+43.20000E-03,-450.17838E-03,+244.29673E-03
+43.22500E-03,-450.17838E-03,+244.29673E-03
+43.25000E-03,-475.10301E-03,+244.29673E-03
+43.27500E-03,-462.64069E-03,+252.17613E-03
+43.30000E-03,-476.66079E-03,+251.68367E-03
+43.32500E-03,-500.02763E-03,+244.29673E-03
+43.35000E-03,-524.95225E-03,+251.68367E-03
+43.37500E-03,-500.02763E-03,+248.23643E-03
+43.40000E-03,-500.02763E-03,+252.17613E-03
+43.42500E-03,-489.12311E-03,+240.35703E-03
+43.45000E-03,-475.10301E-03,+244.29673E-03
+43.47500E-03,-439.27386E-03,+244.29673E-03
+43.50000E-03,-401.88693E-03,+251.68367E-03
+43.52500E-03,-362.94220E-03,+248.23643E-03
+43.55000E-03,-350.47989E-03,+252.17613E-03
+43.57500E-03,-325.55527E-03,+247.74397E-03
+43.60000E-03,-275.70602E-03,+244.29673E-03
+43.62500E-03,-250.78140E-03,+247.74397E-03
+43.65000E-03,-200.93215E-03,+243.80427E-03
+43.67500E-03,-163.54522E-03,+252.17613E-03
+43.70000E-03,-149.52512E-03,+244.29673E-03
+43.72500E-03,-101.23366E-03,+247.74397E-03
+43.75000E-03,-52.94221E-03,+244.29673E-03
+43.77500E-03,-1.53517E-03,+252.17613E-03
+43.80000E-03,+48.31407E-03,+252.17613E-03
+43.82500E-03,+73.23870E-03,+247.74397E-03
+43.85000E-03,+98.16332E-03,+251.68367E-03
+43.87500E-03,+135.55025E-03,+244.29673E-03
+43.90000E-03,+172.93719E-03,+244.29673E-03
+43.92500E-03,+222.78643E-03,+247.74397E-03
+43.95000E-03,+246.15327E-03,+251.68367E-03
+43.97500E-03,+285.09799E-03,+244.29673E-03
+44.00000E-03,+322.48493E-03,+244.29673E-03
+44.02500E-03,+333.38945E-03,+244.29673E-03
+44.05000E-03,+347.40955E-03,+252.17613E-03
+44.07500E-03,+383.23869E-03,+252.17613E-03
+44.10000E-03,+395.70101E-03,+252.17613E-03
+44.12500E-03,+383.23869E-03,+243.31181E-03
+44.15000E-03,+397.25879E-03,+244.29673E-03
+44.17500E-03,+383.23869E-03,+252.17613E-03
+44.20000E-03,+372.33417E-03,+244.29673E-03
+44.22500E-03,+372.33417E-03,+247.74397E-03
+44.25000E-03,+347.40955E-03,+244.29673E-03
+44.27500E-03,+308.46483E-03,+252.17613E-03
+44.30000E-03,+297.56030E-03,+252.17613E-03
+44.32500E-03,+233.69096E-03,+247.74397E-03
+44.35000E-03,+221.22865E-03,+244.29673E-03
+44.37500E-03,+160.47488E-03,+244.29673E-03
+44.40000E-03,+123.08794E-03,+252.17613E-03
+44.42500E-03,+73.23870E-03,+252.17613E-03
+44.45000E-03,-1.53517E-03,+244.29673E-03
+44.47500E-03,-26.45979E-03,+252.17613E-03
+44.50000E-03,-101.23366E-03,+244.29673E-03
+44.52500E-03,-129.27386E-03,+247.74397E-03
+44.55000E-03,-199.37437E-03,+252.17613E-03
+44.57500E-03,-213.39447E-03,+247.74397E-03
+44.60000E-03,-252.33919E-03,+244.29673E-03
+44.62500E-03,-314.65075E-03,+252.17613E-03
+44.65000E-03,-327.11306E-03,+244.29673E-03
+44.67500E-03,-375.40451E-03,+240.35703E-03
+44.70000E-03,-425.25376E-03,+251.68367E-03
+44.72500E-03,-425.25376E-03,+247.74397E-03
+44.75000E-03,-450.17838E-03,+244.29673E-03
+44.77500E-03,-464.19848E-03,+247.74397E-03
+44.80000E-03,-498.46984E-03,+251.68367E-03
+44.82500E-03,-500.02763E-03,+247.74397E-03
+44.85000E-03,-500.02763E-03,+252.17613E-03
+44.87500E-03,-500.02763E-03,+252.17613E-03
+44.90000E-03,-476.66079E-03,+252.17613E-03
+44.92500E-03,-475.10301E-03,+247.74397E-03
+44.95000E-03,-475.10301E-03,+252.17613E-03
+44.97500E-03,-475.10301E-03,+248.23643E-03
+45.00000E-03,-425.25376E-03,+244.29673E-03
+45.02500E-03,-414.34924E-03,+248.23643E-03
+45.05000E-03,-375.40451E-03,+244.78920E-03
+45.07500E-03,-338.01758E-03,+252.17613E-03
+45.10000E-03,-302.18843E-03,+244.29673E-03
+45.12500E-03,-275.70602E-03,+248.23643E-03
+45.15000E-03,-250.78140E-03,+251.68367E-03
+45.17500E-03,-190.02763E-03,+247.74397E-03
+45.20000E-03,-127.71607E-03,+252.17613E-03
+45.22500E-03,-113.69597E-03,+244.29673E-03
+45.25000E-03,-76.30904E-03,+244.29673E-03
+45.27500E-03,-51.38442E-03,+248.23643E-03
+45.30000E-03,-3.09296E-03,+244.29673E-03
+45.32500E-03,+48.31407E-03,+252.17613E-03
+45.35000E-03,+49.87186E-03,+244.29673E-03
+45.37500E-03,+110.62563E-03,+247.74397E-03
+45.40000E-03,+148.01257E-03,+244.29673E-03
+45.42500E-03,+185.39950E-03,+248.23643E-03
+45.45000E-03,+222.78643E-03,+244.29673E-03
+45.47500E-03,+235.24875E-03,+244.29673E-03
+45.50000E-03,+296.00251E-03,+244.29673E-03
+45.52500E-03,+310.02261E-03,+248.23643E-03
+45.55000E-03,+324.04271E-03,+251.68367E-03
+45.57500E-03,+358.31407E-03,+252.17613E-03
+45.60000E-03,+372.33417E-03,+251.68367E-03
+45.62500E-03,+383.23869E-03,+248.23643E-03
+45.65000E-03,+395.70101E-03,+244.29673E-03
+45.67500E-03,+397.25879E-03,+244.29673E-03
+45.70000E-03,+397.25879E-03,+251.68367E-03
+45.72500E-03,+372.33417E-03,+248.23643E-03
+45.75000E-03,+372.33417E-03,+251.68367E-03
+45.77500E-03,+322.48493E-03,+252.17613E-03
+45.80000E-03,+297.56030E-03,+244.29673E-03
+45.82500E-03,+272.63568E-03,+244.29673E-03
+45.85000E-03,+247.71106E-03,+251.68367E-03
+45.87500E-03,+222.78643E-03,+244.29673E-03
+45.90000E-03,+172.93719E-03,+244.29673E-03
+45.92500E-03,+110.62563E-03,+244.29673E-03
+45.95000E-03,+73.23870E-03,+244.29673E-03
+45.97500E-03,+10.92714E-03,+248.23643E-03
+46.00000E-03,-28.01758E-03,+252.17613E-03
+46.02500E-03,-90.32914E-03,+252.17613E-03
+46.05000E-03,-152.64070E-03,+251.68367E-03
+46.07500E-03,-176.00753E-03,+248.23643E-03
+46.10000E-03,-202.48994E-03,+244.29673E-03
+46.12500E-03,-264.80150E-03,+252.17613E-03
+46.15000E-03,-300.63065E-03,+252.17613E-03
+46.17500E-03,-350.47989E-03,+252.66859E-03
+46.20000E-03,-400.32914E-03,+244.29673E-03
+46.22500E-03,-412.79145E-03,+244.29673E-03
+46.25000E-03,-450.17838E-03,+251.68367E-03
+46.27500E-03,-439.27386E-03,+247.74397E-03
+46.30000E-03,-475.10301E-03,+243.80427E-03
+46.32500E-03,-500.02763E-03,+248.23643E-03
+46.35000E-03,-500.02763E-03,+244.29673E-03
+46.37500E-03,-500.02763E-03,+240.35703E-03
+46.40000E-03,-500.02763E-03,+252.17613E-03
+46.42500E-03,-500.02763E-03,+244.29673E-03
+46.45000E-03,-500.02763E-03,+244.29673E-03
+46.47500E-03,-464.19848E-03,+248.23643E-03
+46.50000E-03,-450.17838E-03,+244.29673E-03
+46.52500E-03,-425.25376E-03,+247.74397E-03
+46.55000E-03,-425.25376E-03,+244.29673E-03
+46.57500E-03,,
